VersionTRD,CodigoReferencia,CodigoGeografico,CodigoSerie,Serie,CodigoSubserie,Subserie,CodigoSerieSubserie,Asunto,EstadoExpediente,FechaCierre,EstadoFaseArchivo,Volumen,NoFolios,NumeroDocumentos,FechaInicial,FechaFinal,NumeroCajaCustodioASE,NumeroCarpetaCustodioASE,Deposito,Area,Piso,TipoMobiliario,Bloque,Lado,Estante,Entrepaño,NumeroCajaFisica,NumeroCarpetaFisica,UbicacionArchivoGestion,UbicacionArchivoCentralASE,UbicacionArchivoHistorico,Unidadqueelaboró,Contenido,NumerodeOrden,Fondo,Subfondo,Seccion,Subseccion,UnidadConservacionySoporte,ArchivoaTransferir,Observaciones,AgrupacionDocumental,Disposicion Final,NumeroCajaCustodio,NumeroCarpetaCustodio,Estado,HojaOrigen
,VRAC-FAC-CEA-PRE-CAE,BOG,,ACREDITACION,,ACREDITACION DE PROGRAMAS ACADEMICOS,,EVALUACIONES DE PROFESORES 0103 A 0503 (1/5),CERRADO,01/01/2005,ARCHIVO HISTORICO,1,,,01/01/2001,01/01/2005,,,DC,,,RO,16,B,4,1,15,778,,,B16-LB-ES4-EN1-CJ15-CP778,,"EVALUACIONES DE PROFESORES
DEPARTAMENTO DE ADMINISTRACION",75,PONTIFICIA UNIVERSIDAD JAVERIANA,VICERRECTORIA ACADEMICA,FACULTAD DE CIENCIAS ECONOMICAS Y ADMINISTRATIVAS,CARRERA DE ADMINISTRACION DE EMPRESAS,CARPETA,ARCHIVO HISTORICO,,,CONSERVACION TOTAL,,,PENDIENTE,MAESTDPVRACFACCEAPRECAE2018
,VRAC-FAC-CEA-PRE-CAE,BOG,,ACREDITACION,,ACREDITACION DE PROGRAMAS ACADEMICOS,,EVALUACIONES DE PROFESORES 0103 A 0503 (2/5),CERRADO,01/01/2005,ARCHIVO HISTORICO,1,,,01/01/2001,01/01/2005,,,DC,,,RO,16,B,4,1,15,779,,,B16-LB-ES4-EN1-CJ15-CP779,,"EVALUACIONES DE PROFESORES
DEPARTAMENTO DE ADMINISTRACION",76,PONTIFICIA UNIVERSIDAD JAVERIANA,VICERRECTORIA ACADEMICA,FACULTAD DE CIENCIAS ECONOMICAS Y ADMINISTRATIVAS,CARRERA DE ADMINISTRACION DE EMPRESAS,CARPETA,ARCHIVO HISTORICO,,,CONSERVACION TOTAL,,,PENDIENTE,MAESTDPVRACFACCEAPRECAE2018
,VRAC-FAC-CEA-PRE-CAE,BOG,,ACREDITACION,,ACREDITACION DE PROGRAMAS ACADEMICOS,,EVALUACIONES DE PROFESORES 0103 A 0503 (3/5),CERRADO,01/01/2005,ARCHIVO HISTORICO,1,,,01/01/2001,01/01/2005,,,DC,,,RO,16,B,4,1,15,780,,,B16-LB-ES4-EN1-CJ15-CP780,,"EVALUACIONES DE PROFESORES
OTROS DEPARTAMENTOS",77,PONTIFICIA UNIVERSIDAD JAVERIANA,VICERRECTORIA ACADEMICA,FACULTAD DE CIENCIAS ECONOMICAS Y ADMINISTRATIVAS,CARRERA DE ADMINISTRACION DE EMPRESAS,CARPETA,ARCHIVO HISTORICO,,,CONSERVACION TOTAL,,,PENDIENTE,MAESTDPVRACFACCEAPRECAE2018
,VRAC-FAC-CEA-PRE-CAE,BOG,,ACREDITACION,,ACREDITACION DE PROGRAMAS ACADEMICOS,,EVALUACIONES DE PROFESORES 0103 A 0503 (4/5),CERRADO,01/01/2005,ARCHIVO HISTORICO,1,,,01/01/2001,01/01/2005,,,DC,,,RO,16,B,4,1,16,781,,,B16-LB-ES4-EN1-CJ16-CP781,,"EVALUACIONES DE PROFESORES
OTROS DEPARTAMENTOS",78,PONTIFICIA UNIVERSIDAD JAVERIANA,VICERRECTORIA ACADEMICA,FACULTAD DE CIENCIAS ECONOMICAS Y ADMINISTRATIVAS,CARRERA DE ADMINISTRACION DE EMPRESAS,CARPETA,ARCHIVO HISTORICO,,,CONSERVACION TOTAL,,,PENDIENTE,MAESTDPVRACFACCEAPRECAE2018
,VRAC-FAC-CEA-PRE-CAE,BOG,,ACREDITACION,,ACREDITACION DE PROGRAMAS ACADEMICOS,,EVALUACIONES DE PROFESORES 0103 A 0503 (5/5),CERRADO,01/01/2005,ARCHIVO HISTORICO,1,,,01/01/2001,01/01/2005,,,DC,,,RO,16,B,4,1,16,782,,,B16-LB-ES4-EN1-CJ16-CP782,,"EVALUACIONES DE PROFESORES
DEPARTAMENTO DE ADMINISTRACION",79,PONTIFICIA UNIVERSIDAD JAVERIANA,VICERRECTORIA ACADEMICA,FACULTAD DE CIENCIAS ECONOMICAS Y ADMINISTRATIVAS,CARRERA DE ADMINISTRACION DE EMPRESAS,CARPETA,ARCHIVO HISTORICO,,,CONSERVACION TOTAL,,,PENDIENTE,MAESTDPVRACFACCEAPRECAE2018
,VRAC-FAC-CEA-PRE-CAE,BOG,,ACREDITACION,,ACREDITACION DE PROGRAMAS ACADEMICOS,,DESCRIPCION PLANES DE ESTUDIO,CERRADO,01/01/2006,ARCHIVO HISTORICO,1,,,12/11/1992,01/01/2006,,,DC,,,RO,16,B,3,5,7,719,,,B16-LB-ES3-EN5-CJ7-CP719,FACULTAD DE CIENCIAS ECONOMICAS Y ADMINISTRATIVAS,DEL CURRICULO 18 AL 26,16,PONTIFICIA UNIVERSIDAD JAVERIANA,VICERRECTORIA ACADEMICA,FACULTAD DE CIENCIAS ECONOMICAS Y ADMINISTRATIVAS,CARRERA DE ADMINISTRACION DE EMPRESAS,CARPETA,ARCHIVO HISTORICO,,,CONSERVACION TOTAL,,,PENDIENTE,MAESTDPVRACFACCEAPRECAE2018
,VRAC-FAC-CEA-PRE-CAE,BOG,,ACREDITACION,,ACREDITACION DE PROGRAMAS ACADEMICOS,,FORMATOS,CERRADO,01/01/2007,ARCHIVO HISTORICO,1,,,01/01/2007,01/01/2007,,,DC,,,RO,16,B,3,6,8,721,,,B16-LB-ES3-EN6-CJ8-CP721,FACULTAD DE CIENCIAS ECONOMICAS Y ADMINISTRATIVAS,"FORMULARIO ASPIRANTE
LISTADO DE DOCUMENTOS PARA NEOJAVERIANOS
REVISION DE EXAMENES
LISTADO PARA ESTUDIANTES QUE NO APARECEN EN LA LISTA OFICIAL
FALTA LEVE
ENCUESTA CARACTERIZACIÓN DE ESTUDIANTES
EXTENSION PLAZO PARA ENTREGA DE POS
SOLICITUDES
PAZ Y SALVOS",18,PONTIFICIA UNIVERSIDAD JAVERIANA,VICERRECTORIA ACADEMICA,FACULTAD DE CIENCIAS ECONOMICAS Y ADMINISTRATIVAS,CARRERA DE ADMINISTRACION DE EMPRESAS,CARPETA,ARCHIVO HISTORICO,,,CONSERVACION TOTAL,,,PENDIENTE,MAESTDPVRACFACCEAPRECAE2018
,VRAC-FAC-CEA-DF,BOG,,INFORMES,,INFORMES DE DIRECTIVOS,25.4,INFORME DE GESTION E INDICADORES,CERRADO,01/01/2013,ARCHIVO HISTORICO,1,25,,01/01/2012,01/01/2013,,,DC,,,RO,,,,,324,5004,,,CJ324-CP5004,DECANATURA FACULTAD DE CIENCIAS ECONOMICAS Y ADMINISTRATIVAS ,INFORMES,7,PONTIFICIA UNIVERSIDAD JAVERIANA,VICERRECTORIA ADMINISTRATIVA,FACULTAD DE CIENCIAS ECONOMICAS Y ADMINISTRATIVAS,DECANATURA,CARPETA,ARCHIVO HISTORICO,"CODIGO SERIE/ SUBSERIE 25,4",,CONSERVACION TOTAL,,,PENDIENTE,MAESTDPVRACFACCEADF2023
,VRAC-FAC-CEA-DF,BOG,,MEDIO UNIVERSITARIO,,BIENESTAR,,GRUPO DE DANZAS,CERRADO,01/01/2014,ARCHIVO HISTORICO,1,74,,30/01/2012,01/01/2014,,,DC,,,RO,,,,,324,5005,,,CJ324-CP5005,DECANATURA FACULTAD DE CIENCIAS ECONOMICAS Y ADMINISTRATIVAS ,"AUTORIZACIONES
ASISTENCIAS",8,PONTIFICIA UNIVERSIDAD JAVERIANA,VICERRECTORIA ADMINISTRATIVA,FACULTAD DE CIENCIAS ECONOMICAS Y ADMINISTRATIVAS,DECANATURA,CARPETA,ARCHIVO HISTORICO,INCLUYE UN CD,,CONSERVACION TOTAL,,,PENDIENTE,MAESTDPVRACFACCEADF2023
,VRAC-FAC-CEA-PRE-CAE,BOG,,ACREDITACION,,ACREDITACION DE PROGRAMAS ACADEMICOS,,INFORME DE ACTIVIDADES DEL CONSEJO DE LA FACULTAD DE CIENCIAS ECONOMICAS Y ADMINISTRATIVAS,CERRADO,01/02/2005,ARCHIVO HISTORICO,1,,,01/02/2002,01/02/2005,,,DC,,,RO,16,B,3,6,8,726,,,B16-LB-ES3-EN6-CJ8-CP726,FACULTAD DE CIENCIAS ECONOMICAS Y ADMINISTRATIVAS,INFORME DE ACTIVIDADES DEL CONSEJO DE LA FACULTAD DE CIENCIAS ECONOMICAS Y ADMINISTRATIVAS DE FEBRERO 2002 A DICIEMBRE 2004,23,PONTIFICIA UNIVERSIDAD JAVERIANA,VICERRECTORIA ACADEMICA,FACULTAD DE CIENCIAS ECONOMICAS Y ADMINISTRATIVAS,CARRERA DE ADMINISTRACION DE EMPRESAS,CARPETA,ARCHIVO HISTORICO,,,CONSERVACION TOTAL,,,PENDIENTE,MAESTDPVRACFACCEAPRECAE2018
,VRAC-FAC-CEA-DF,BOG,,CORRESPONDENCIA,,CONSECUTIVO DE CARTAS,15.7,CONSECUTIVOS 0001 A 0050 DE 2014 DM,CERRADO,01/02/2014,ARCHIVO HISTORICO,1,178,,25/01/2014,01/02/2014,,,DC,,,RO,,,,,325,5028,,,CJ325-CP5028,DECANATURA FACULTAD DE CIENCIAS ECONOMICAS Y ADMINISTRATIVAS ,"PROCESOS DISCIPLINARIOS
CONTRATOS
RESERVAS DE CUPO
INVITACIONES
ACTAS
MATRICULAS",31,PONTIFICIA UNIVERSIDAD JAVERIANA,VICERRECTORIA ADMINISTRATIVA,FACULTAD DE CIENCIAS ECONOMICAS Y ADMINISTRATIVAS,DECANATURA,CARPETA,ARCHIVO HISTORICO,"CODIGO SERIE/ SUBSERIE 15,7",,CONSERVACION TOTAL,,,PENDIENTE,MAESTDPVRACFACCEADF2023
,VRAC-FAC-CEA-DEP-DAD,BOG,,INFORMES,,INFORMES DE DIRECTIVOS,,INFORMES DE ACTIVIDADES Y GESTIÓN,CERRADO,01/02/2016,ARCHIVO HISTORICO,1,10,,01/01/2015,01/02/2016,,,DC,,,RO,21,A,2,4,26,876,,,B21-LA-ES2-EN4-CJ26-CP876,DEPARTAMENTO DE ADMINISTRACION,INFORME,8,PONTIFICIA UNIVERSIDAD JAVERIANA,VICERRECTORIA ACADEMICA,FACULTAD DE CIENCIAS ECONOMICAS Y ADMINISTRATIVAS,DEPARTAMENTO DE ADMINISTRACION,CARPETA,ARCHIVO HISTORICO,,,CONSERVACION TOTAL,,,PENDIENTE,MAESTDPVRACFACCEADEPDAD2023
,VRAC-FAC-CEA-PRE-CEC,BOG,,PROGRAMAS ACADEMICOS,,PLANES DE ESTUDIO,,PLANES DE ESTUDIO,CERRADO,01/03/2005,ARCHIVO HISTORICO,1,23,,01/03/2005,01/03/2005,,,DC,,,RO,21,A,2,3,25,861,,,B21-LA-ES2-EN3-CJ25-CP861,FACULTAD DE CIENCIAS ECONOMICAS Y ADMINISTRATIVAS,"PLANES DE ESTUDIO
REFORMAS",12,PONTIFICIA UNIVERSIDAD JAVERIANA,VICERRECTORIA ACADEMICA,FACULTAD DE CIENCIAS ECONOMICAS Y ADMINISTRATIVAS,CARRERA DE ECONOMIA,CARPETA,ARCHIVO HISTORICO,,,CONSERVACION TOTAL,,,PENDIENTE,MAESTDPVRACFACCEAPRECEC2022
,VRAC-FAC-CEA-PRE-CAE,BOG,,ACREDITACION,,ACREDITACION DE PROGRAMAS ACADEMICOS,,CIRCULARES Y BOLETINES 2/2,CERRADO,01/03/2007,ARCHIVO HISTORICO,1,,,01/01/1999,01/03/2007,,,DC,,,RO,16,B,3,5,7,718,,,B16-LB-ES3-EN5-CJ7-CP718,FACULTAD DE CIENCIAS ECONOMICAS Y ADMINISTRATIVAS,"NORMAS
PROCEDIMIENTOS GENERALES PARA MATRICULA
CIRCULARES
CURRICULOS 25 Y 26",15,PONTIFICIA UNIVERSIDAD JAVERIANA,VICERRECTORIA ACADEMICA,FACULTAD DE CIENCIAS ECONOMICAS Y ADMINISTRATIVAS,CARRERA DE ADMINISTRACION DE EMPRESAS,CARPETA,ARCHIVO HISTORICO,,,CONSERVACION TOTAL,,,PENDIENTE,MAESTDPVRACFACCEAPRECAE2018
,VRAC-FAC-CEA-DF,BOG,,CORRESPONDENCIA,15,CONSECUTIVO DE CARTAS,15.7,CONSECUTIVOS 0001A 0050 DE 2017 (1/2),CERRADO,01/03/2017,ARCHIVO HISTORICO,1,17,,11/01/2017,01/03/2017,,,DC,,,RO,,,,,328,5075,,,CJ328-CP5075,DECANATURA FACULTAD DE CIENCIAS ECONOMICAS Y ADMINISTRATIVAS ,"CARTAS
RERSERVAS DE CUPO
APOYOS ECONOMICOS
MATRICULAS EXTRAORDINARIAS
AUTORIZACIONES
LICENCIAS E102",78,PONTIFICIA UNIVERSIDAD JAVERIANA,VICERRECTORIA ADMINISTRATIVA,FACULTAD DE CIENCIAS ECONOMICAS Y ADMINISTRATIVAS,DECANATURA,CARPETA,ARCHIVO HISTORICO,"CODIGO SERIE/ SUBSERIE 15,7",,CONSERVACION TOTAL,,,PENDIENTE,MAESTDPVRACFACCEADF2023
,VRAC-FAC-CEA-DF,BOG,,CORRESPONDENCIA,15,CONSECUTIVO DE CARTAS,15.7,CONSECUTIVOS 0001 A 0050 DE 2017 (2/2),CERRADO,01/03/2017,ARCHIVO HISTORICO,1,200,,11/01/2017,01/03/2017,,,DC,,,RO,,,,,328,5076,,,CJ328-CP5076,DECANATURA FACULTAD DE CIENCIAS ECONOMICAS Y ADMINISTRATIVAS ,"CARTAS
RESERVAS DE CUPO
COMITE DE INVESTIGACION
GRADOS",79,PONTIFICIA UNIVERSIDAD JAVERIANA,VICERRECTORIA ADMINISTRATIVA,FACULTAD DE CIENCIAS ECONOMICAS Y ADMINISTRATIVAS,DECANATURA,CARPETA,ARCHIVO HISTORICO,"CODIGO SERIE/ SUBSERIE 15,7",,CONSERVACION TOTAL,,,PENDIENTE,MAESTDPVRACFACCEADF2023
,VRAC-FAC-CEA-PRE-CAE,BOG,,ACREDITACION,,ACREDITACION DE PROGRAMAS ACADEMICOS,,EVALUACION DE PROFESORES,CERRADO,01/07/2013,ARCHIVO HISTORICO,1,,,01/07/2013,01/07/2013,,,DC,,,RO,16,B,4,2,17,795,,,B16-LB-ES4-EN2-CJ17-CP795,,EVALUACION DE DOCENTES CICLO 1330 A 1410,92,PONTIFICIA UNIVERSIDAD JAVERIANA,VICERRECTORIA ACADEMICA,FACULTAD DE CIENCIAS ECONOMICAS Y ADMINISTRATIVAS,CARRERA DE ADMINISTRACION DE EMPRESAS,CARPETA,ARCHIVO HISTORICO,,,CONSERVACION TOTAL,,,PENDIENTE,MAESTDPVRACFACCEAPRECAE2018
,VRAC-FAC-CEA-DF,BOG,,CORRESPONDENCIA,,CONSECUTIVO DE CARTAS,15.7,CONSECUTIVOS 2001 A 2050 DE 2013 DA,CERRADO,01/08/2013,ARCHIVO HISTORICO,1,183,,19/06/2013,01/08/2013,,,DC,,,RO,,,,,325,5019,,,CJ325-CP5019,DECANATURA FACULTAD DE CIENCIAS ECONOMICAS Y ADMINISTRATIVAS ,"INVITACIONES
CARTAS
RESERVAS DE CUPOS
CONTRATACIONES",22,PONTIFICIA UNIVERSIDAD JAVERIANA,VICERRECTORIA ADMINISTRATIVA,FACULTAD DE CIENCIAS ECONOMICAS Y ADMINISTRATIVAS,DECANATURA,CARPETA,ARCHIVO HISTORICO,"CODIGO SERIE/ SUBSERIE 15,7",,CONSERVACION TOTAL,,,PENDIENTE,MAESTDPVRACFACCEADF2023
,VRAC-FAC-CEA-PRE-CAE,BOG,,ACREDITACION,,ACREDITACION DE PROGRAMAS ACADEMICOS,,ANEXOS 1 AL 23,CERRADO,01/08/2014,ARCHIVO HISTORICO,1,,,01/08/2014,01/08/2014,,,DC,,,RO,16,B,3,5,7,715,,,B16-LB-ES3-EN5-CJ7-CP715,FACULTAD DE CIENCIAS ECONOMICAS Y ADMINISTRATIVAS,LINEAMIENTOS PARA EL PROCESO DE CALIFICACION Y VALORACION DE LOS RESULTADOS AUTOEVALUATIVOS,12,PONTIFICIA UNIVERSIDAD JAVERIANA,VICERRECTORIA ACADEMICA,FACULTAD DE CIENCIAS ECONOMICAS Y ADMINISTRATIVAS,CARRERA DE ADMINISTRACION DE EMPRESAS,CARPETA,ARCHIVO HISTORICO,,,CONSERVACION TOTAL,,,PENDIENTE,MAESTDPVRACFACCEAPRECAE2018
,VRAC-FAC-CEA-DF,BOG,,CORRESPONDENCIA,,CONSECUTIVO DE CARTAS,15.7,CONSECUTIVOS 2401 A 2450 DE 2014 DA (1/2),CERRADO,01/09/2014,ARCHIVO HISTORICO,1,66,,26/08/2014,01/09/2014,,,DC,,,RO,,,,,326,5036,,,CJ326-CP5036,DECANATURA FACULTAD DE CIENCIAS ECONOMICAS Y ADMINISTRATIVAS ,"CARTAS
PRESENTACIONES
APOYO ECONOMICO
RESERVA DE CUPO
PROCESOS DISCIPLINARIOS
ASENSOS",39,PONTIFICIA UNIVERSIDAD JAVERIANA,VICERRECTORIA ADMINISTRATIVA,FACULTAD DE CIENCIAS ECONOMICAS Y ADMINISTRATIVAS,DECANATURA,CARPETA,ARCHIVO HISTORICO,"CODIGO SERIE/ SUBSERIE 15,7",,CONSERVACION TOTAL,,,PENDIENTE,MAESTDPVRACFACCEADF2023
,VRAC-FAC-CEA-PRE-CAE,BOG,,ACREDITACION,,ACREDITACION DE PROGRAMAS ACADEMICOS,,CRITERIOS PARA LA IMPLEMENTACION DE ESCALAS INTERMEDIAS,CERRADO,01/10/2012,ARCHIVO HISTORICO,1,,,24/03/2011,01/10/2012,,,DC,,,RO,16,B,3,5,7,716,,,B16-LB-ES3-EN5-CJ7-CP716,FACULTAD DE CIENCIAS ECONOMICAS Y ADMINISTRATIVAS,"ESTATUTOS
REGLAMENTOS
PLANEACION",13,PONTIFICIA UNIVERSIDAD JAVERIANA,VICERRECTORIA ACADEMICA,FACULTAD DE CIENCIAS ECONOMICAS Y ADMINISTRATIVAS,CARRERA DE ADMINISTRACION DE EMPRESAS,CARPETA,ARCHIVO HISTORICO,,,CONSERVACION TOTAL,,,PENDIENTE,MAESTDPVRACFACCEAPRECAE2018
,VRAC-FAC-CEA-DF,BOG,,CORRESPONDENCIA,15,CONSECUTIVO DE CARTAS,15.7,CONSECUTIVOS 0351 A 0399 DE 2018 (1/2),CERRADO,01/12/2018,ARCHIVO HISTORICO,1,51,,21/08/2018,01/12/2018,,,DC,,,RO,,,,,330,5101,,,CJ330-CP5101,DECANATURA FACULTAD DE CIENCIAS ECONOMICAS Y ADMINISTRATIVAS ,"CARTAS
INDUCCIONES
INVESTIGACIONES",104,PONTIFICIA UNIVERSIDAD JAVERIANA,VICERRECTORIA ADMINISTRATIVA,FACULTAD DE CIENCIAS ECONOMICAS Y ADMINISTRATIVAS,DECANATURA,CARPETA,ARCHIVO HISTORICO,"CODIGO SERIE/ SUBSERIE 15,7",,CONSERVACION TOTAL,,,PENDIENTE,MAESTDPVRACFACCEADF2023
,VRAC-FAC-CEA-DF,BOG,,CORRESPONDENCIA,,CONSECUTIVO DE CARTAS,15.7,CONSECUTIVOS 0801 A 0850 DE 2014 DA,CERRADO,02/04/2014,ARCHIVO HISTORICO,1,194,,28/02/2014,02/04/2014,,,DC,,,RO,,,,,325,5031,,,CJ325-CP5031,DECANATURA FACULTAD DE CIENCIAS ECONOMICAS Y ADMINISTRATIVAS ,"CARTAS
MATRICULAS EXTRAORDINARIAS
RETIROS DE ASIGNATURAS
EXCUSAS
APOYO FINANCIERO
PRESENTACIONES DE PROYECTOS
RESERVAS DE CUPO",34,PONTIFICIA UNIVERSIDAD JAVERIANA,VICERRECTORIA ADMINISTRATIVA,FACULTAD DE CIENCIAS ECONOMICAS Y ADMINISTRATIVAS,DECANATURA,CARPETA,ARCHIVO HISTORICO,"CODIGO SERIE/ SUBSERIE 15,7",,CONSERVACION TOTAL,,,PENDIENTE,MAESTDPVRACFACCEADF2023
,VRAC-FAC-CEA-PRE-CAE,BOG,,ACREDITACION,,ACREDITACION DE PROGRAMAS ACADEMICOS,,"ACREDITACION FASE 5
1/4",CERRADO,02/06/2005,ARCHIVO HISTORICO,1,,,02/06/2005,02/06/2005,,,DC,,,RO,16,B,3,5,6,708,,,B16-LB-ES3-EN5-CJ6-CP708,FACULTAD DE CIENCIAS ECONOMICAS Y ADMINISTRATIVAS,"EVALUACION DE LOS LOGROS DE LOS APRENDIZAJES DE LOS ESTUDIANTES
EXAMENES",5,PONTIFICIA UNIVERSIDAD JAVERIANA,VICERRECTORIA ACADEMICA,FACULTAD DE CIENCIAS ECONOMICAS Y ADMINISTRATIVAS,CARRERA DE ADMINISTRACION DE EMPRESAS,CARPETA,ARCHIVO HISTORICO,,,CONSERVACION TOTAL,,,PENDIENTE,MAESTDPVRACFACCEAPRECAE2018
,VRAC-FAC-CEA-PRE-CAE,BOG,,ACREDITACION,,ACREDITACION DE PROGRAMAS ACADEMICOS,,"ACREDITACION FASE 5
2/4",CERRADO,02/06/2005,ARCHIVO HISTORICO,1,,,02/06/2005,02/06/2005,,,DC,,,RO,16,B,3,5,6,709,,,B16-LB-ES3-EN5-CJ6-CP709,FACULTAD DE CIENCIAS ECONOMICAS Y ADMINISTRATIVAS,EVALUACION DE LOS LOGROS DE LOS APRENDIZAJES DE LOS ESTUDIANTES EXAMENES,6,PONTIFICIA UNIVERSIDAD JAVERIANA,VICERRECTORIA ACADEMICA,FACULTAD DE CIENCIAS ECONOMICAS Y ADMINISTRATIVAS,CARRERA DE ADMINISTRACION DE EMPRESAS,CARPETA,ARCHIVO HISTORICO,,,CONSERVACION TOTAL,,,PENDIENTE,MAESTDPVRACFACCEAPRECAE2018
,VRAC-FAC-CEA-PRE-CAE,BOG,,ACREDITACION,,ACREDITACION DE PROGRAMAS ACADEMICOS,,"ACREDITACION FASE 5
3/4",CERRADO,02/06/2005,ARCHIVO HISTORICO,1,,,02/06/2005,02/06/2005,,,DC,,,RO,16,B,3,5,6,710,,,B16-LB-ES3-EN5-CJ6-CP710,FACULTAD DE CIENCIAS ECONOMICAS Y ADMINISTRATIVAS,EVALUACION DE LOS LOGROS DE LOS APRENDIZAJES DE LOS ESTUDIANTES EXAMENES,7,PONTIFICIA UNIVERSIDAD JAVERIANA,VICERRECTORIA ACADEMICA,FACULTAD DE CIENCIAS ECONOMICAS Y ADMINISTRATIVAS,CARRERA DE ADMINISTRACION DE EMPRESAS,CARPETA,ARCHIVO HISTORICO,,,CONSERVACION TOTAL,,,PENDIENTE,MAESTDPVRACFACCEAPRECAE2018
,VRAC-FAC-CEA-PRE-CAE,BOG,,ACREDITACION,,ACREDITACION DE PROGRAMAS ACADEMICOS,,"ACREDITACION FASE 5
4/4",CERRADO,02/06/2005,ARCHIVO HISTORICO,1,,,02/06/2005,02/06/2005,,,DC,,,RO,16,B,3,5,6,711,,,B16-LB-ES3-EN5-CJ6-CP711,FACULTAD DE CIENCIAS ECONOMICAS Y ADMINISTRATIVAS,EVALUACION DE LOS LOGROS DE LOS APRENDIZAJES DE LOS ESTUDIANTES EXAMENES,8,PONTIFICIA UNIVERSIDAD JAVERIANA,VICERRECTORIA ACADEMICA,FACULTAD DE CIENCIAS ECONOMICAS Y ADMINISTRATIVAS,CARRERA DE ADMINISTRACION DE EMPRESAS,CARPETA,ARCHIVO HISTORICO,,,CONSERVACION TOTAL,,,PENDIENTE,MAESTDPVRACFACCEAPRECAE2018
,VRAC-FAC-CEA-DF,BOG,,MEDIO UNIVERSITARIO,54,BIENESTAR,54.15,ASUNTOS ESTUDIANTILES POSGRADO 2016,CERRADO,02/12/2016,ARCHIVO HISTORICO,1,153,,14/01/2016,02/12/2016,,,DC,,,RO,,,,,332,5130,,,CJ332-CP5130,DECANATURA FACULTAD DE CIENCIAS ECONOMICAS Y ADMINISTRATIVAS ,"CARTAS
MATRICULA EXTRAORDINARIA
RESERVA DE CUPO
DERECHO DE PETICION",133,PONTIFICIA UNIVERSIDAD JAVERIANA,VICERRECTORIA ADMINISTRATIVA,FACULTAD DE CIENCIAS ECONOMICAS Y ADMINISTRATIVAS,DECANATURA,CARPETA,ARCHIVO HISTORICO,"CODIGO SERIE/ SUBSERIE 54,15",,CONSERVACION TOTAL,,,PENDIENTE,MAESTDPVRACFACCEADF2023
,VRAC-FAC-CEA-DF,BOG,,ACTAS,,ACTAS DEL COMITE DE INVESTIGACION,1.9,ACTAS COMITE DE INVESTIGACION Y ETICA (2/2),CERRADO,03/11/2015,ARCHIVO HISTORICO,1,90,,03/11/2015,03/11/2015,,,DC,,,RO,,,,,324,4999,,,CJ324-CP4999,DECANATURA FACULTAD DE CIENCIAS ECONOMICAS Y ADMINISTRATIVAS ,"ACTAS
PRESENTACION DE PROYECTOS
MINUTAS",2,PONTIFICIA UNIVERSIDAD JAVERIANA,VICERRECTORIA ADMINISTRATIVA,FACULTAD DE CIENCIAS ECONOMICAS Y ADMINISTRATIVAS,DECANATURA,CARPETA,ARCHIVO HISTORICO,"CODIGO SERIE/ SUBSERIE 1,9",,CONSERVACION TOTAL,,,PENDIENTE,MAESTDPVRACFACCEADF2023
,VRAC-FAC-CEA-DF,BOG,,CORRESPONDENCIA,,CONSECUTIVO DE CARTAS,15.7,CONSECUTIVOS 3251 A 3300 DE 2013 DA (1/2),CERRADO,03/12/2013,ARCHIVO HISTORICO,1,151,,01/11/2013,03/12/2013,,,DC,,,RO,,,,,325,5025,,,CJ325-CP5025,DECANATURA FACULTAD DE CIENCIAS ECONOMICAS Y ADMINISTRATIVAS ,"RESERVAS DE CUPOS
APLAZAMIENTOS
PROCESOS
RESULTADOS
ACTAS
CARTAS
PRORROGAS",28,PONTIFICIA UNIVERSIDAD JAVERIANA,VICERRECTORIA ADMINISTRATIVA,FACULTAD DE CIENCIAS ECONOMICAS Y ADMINISTRATIVAS,DECANATURA,CARPETA,ARCHIVO HISTORICO,"CODIGO SERIE/ SUBSERIE 15,7",,CONSERVACION TOTAL,,,PENDIENTE,MAESTDPVRACFACCEADF2023
,VRAC-FAC-CEA-DF,BOG,,CORRESPONDENCIA,,CONSECUTIVO DE CARTAS,15.7,CONSECUTIVOS 3251 A 3300 DE 2013 DA (2/2),CERRADO,03/12/2013,ARCHIVO HISTORICO,1,200,,09/10/2013,03/12/2013,,,DC,,,RO,,,,,325,5026,,,CJ325-CP5026,DECANATURA FACULTAD DE CIENCIAS ECONOMICAS Y ADMINISTRATIVAS ,"MATRICULAS EXTRAORDINARIAS
ACTAS
CARTAS
CORREOS ELECTRONICOS
HOJAS DE VIDA",29,PONTIFICIA UNIVERSIDAD JAVERIANA,VICERRECTORIA ADMINISTRATIVA,FACULTAD DE CIENCIAS ECONOMICAS Y ADMINISTRATIVAS,DECANATURA,CARPETA,ARCHIVO HISTORICO,"CODIGO SERIE/ SUBSERIE 15,7",,CONSERVACION TOTAL,,,PENDIENTE,MAESTDPVRACFACCEADF2023
,VRAC-FAC-CEA-DEP-DAD,BOG,,PROYECTOS,,PROYECTOS DE CONSULTORIA Y SERVICIOS,,CORRESPONDENCIA DE PROYECTOS,CERRADO,04/03/2016,ARCHIVO HISTORICO,1,66,,04/03/2015,04/03/2016,,,DC,,,RO,20,B,5,7,22,838,,,B20-LB-ES5-EN7-CJ22-CP838,DEPARTAMENTO DE ADMINISTRACION,"CARTAS
ACUERDO",13,PONTIFICIA UNIVERSIDAD JAVERIANA,VICERRECTORIA ACADEMICA,FACULTAD DE CIENCIAS ECONOMICAS Y ADMINISTRATIVAS,DEPARTAMENTO DE ADMINISTRACION,CARPETA,ARCHIVO HISTORICO,,,CONSERVACION TOTAL,,,PENDIENTE,MAESTDPVRACFACCEADEPDAD2019
,VRAC-FAC-CEA-DF,BOG,,CORRESPONDENCIA,,CONSECUTIVO DE CARTAS,15.7,CONSECUTIVOS 0351 A 0380 DE 2015,CERRADO,04/09/2015,ARCHIVO HISTORICO,1,150,,12/08/2015,04/09/2015,,,DC,,,RO,,,,,327,5051,,,CJ327-CP5051,DECANATURA FACULTAD DE CIENCIAS ECONOMICAS Y ADMINISTRATIVAS ,"CARTAS
EXCUSAS
PROCESOS DISCIPLINARIOS
PRESENTACIONES",54,PONTIFICIA UNIVERSIDAD JAVERIANA,VICERRECTORIA ADMINISTRATIVA,FACULTAD DE CIENCIAS ECONOMICAS Y ADMINISTRATIVAS,DECANATURA,CARPETA,ARCHIVO HISTORICO,"CODIGO SERIE/ SUBSERIE 15,7",,CONSERVACION TOTAL,,,PENDIENTE,MAESTDPVRACFACCEADF2023
,VRAC-FAC-CEA-DF,BOG,,CORRESPONDENCIA,,CONSECUTIVO DE CARTAS,15.7,CONSECUTIVOS 0381 A 0400 DE 2015,CERRADO,04/09/2015,ARCHIVO HISTORICO,1,159,,28/08/2015,04/09/2015,,,DC,,,RO,,,,,327,5052,,,CJ327-CP5052,DECANATURA FACULTAD DE CIENCIAS ECONOMICAS Y ADMINISTRATIVAS ,"CARTAS
PROCESOS DISCIPLINARIOS
APOYO FINANCIEROS",55,PONTIFICIA UNIVERSIDAD JAVERIANA,VICERRECTORIA ADMINISTRATIVA,FACULTAD DE CIENCIAS ECONOMICAS Y ADMINISTRATIVAS,DECANATURA,CARPETA,ARCHIVO HISTORICO,"CODIGO SERIE/ SUBSERIE 15,7",,CONSERVACION TOTAL,,,PENDIENTE,MAESTDPVRACFACCEADF2023
,VRAC-FAC-CEA-DF,BOG,,CORRESPONDENCIA,15,CONSECUTIVO DE CARTAS,15.7,CONSECUTIVOS 0251 A 0300 DE 2018 (1/2),CERRADO,04/09/2018,ARCHIVO HISTORICO,1,69,,30/07/2018,04/09/2018,,,DC,,,RO,,,,,330,5098,,,CJ330-CP5098,DECANATURA FACULTAD DE CIENCIAS ECONOMICAS Y ADMINISTRATIVAS ,"CARTAS
EXCUSAS
INVITACIONES",101,PONTIFICIA UNIVERSIDAD JAVERIANA,VICERRECTORIA ADMINISTRATIVA,FACULTAD DE CIENCIAS ECONOMICAS Y ADMINISTRATIVAS,DECANATURA,CARPETA,ARCHIVO HISTORICO,"CODIGO SERIE/ SUBSERIE 15,7",,CONSERVACION TOTAL,,,PENDIENTE,MAESTDPVRACFACCEADF2023
,VRAC-FAC-CEA-DF,BOG,,CORRESPONDENCIA,15,CONSECUTIVO DE CARTAS,15.7,CONSECUTIVOS 0251 A 0300 DE 2018 (2/2),CERRADO,04/09/2018,ARCHIVO HISTORICO,1,200,,30/07/2018,04/09/2018,,,DC,,,RO,,,,,330,5099,,,CJ330-CP5099,DECANATURA FACULTAD DE CIENCIAS ECONOMICAS Y ADMINISTRATIVAS ,"CARTAS
INVITACIONES
PROCESOS DISCIPLINARIOS
EXCUSAS",102,PONTIFICIA UNIVERSIDAD JAVERIANA,VICERRECTORIA ADMINISTRATIVA,FACULTAD DE CIENCIAS ECONOMICAS Y ADMINISTRATIVAS,DECANATURA,CARPETA,ARCHIVO HISTORICO,"CODIGO SERIE/ SUBSERIE 15,7",,CONSERVACION TOTAL,,,PENDIENTE,MAESTDPVRACFACCEADF2023
,VRAC-FAC-CEA-DF,BOG,,CORRESPONDENCIA,,CONSECUTIVO DE CARTAS,15.7,CONSECUTIVOS 0051 A 0060 DE 2014 DM,CERRADO,05/03/2014,ARCHIVO HISTORICO,1,14,,15/01/2014,05/03/2014,,,DC,,,RO,,,,,325,5029,,,CJ325-CP5029,DECANATURA FACULTAD DE CIENCIAS ECONOMICAS Y ADMINISTRATIVAS ,"CARTAS
ANTICIPOS
EXCUSAS",32,PONTIFICIA UNIVERSIDAD JAVERIANA,VICERRECTORIA ADMINISTRATIVA,FACULTAD DE CIENCIAS ECONOMICAS Y ADMINISTRATIVAS,DECANATURA,CARPETA,ARCHIVO HISTORICO,"CODIGO SERIE/ SUBSERIE 15,7",,CONSERVACION TOTAL,,,PENDIENTE,MAESTDPVRACFACCEADF2023
,VRAC-FAC-CEA-DF,BOG,,CORRESPONDENCIA,,CONSECUTIVO DE CARTAS,15.7,CONSECUTIVOS 0051 A 0100 DE 2015 (2/2),CERRADO,05/03/2015,ARCHIVO HISTORICO,1,185,,11/02/2015,05/03/2015,,,DC,,,RO,,,,,326,5044,,,CJ326-CP5044,DECANATURA FACULTAD DE CIENCIAS ECONOMICAS Y ADMINISTRATIVAS ,"CARTAS
EXCUSAS
PROPUESTAS
MATRICULAS EXTRAORDINARIAS",47,PONTIFICIA UNIVERSIDAD JAVERIANA,VICERRECTORIA ADMINISTRATIVA,FACULTAD DE CIENCIAS ECONOMICAS Y ADMINISTRATIVAS,DECANATURA,CARPETA,ARCHIVO HISTORICO,"CODIGO SERIE/ SUBSERIE 15,7",,CONSERVACION TOTAL,,,PENDIENTE,MAESTDPVRACFACCEADF2023
,VRAC-FAC-CEA-PRE-CAE,BOG,,ACREDITACION,,ACREDITACION DE PROGRAMAS ACADEMICOS,,"EVALUACIONES DE PROFESORES PERIODO 1610
4/4",CERRADO,05/05/2006,ARCHIVO HISTORICO,1,,,03/04/2006,05/05/2006,,,DC,,,RO,16,B,3,6,8,725,,,B16-LB-ES3-EN6-CJ8-CP725,FACULTAD DE CIENCIAS ECONOMICAS Y ADMINISTRATIVAS,EVALUACIONES DE PROFESORES PERIODO 1601,22,PONTIFICIA UNIVERSIDAD JAVERIANA,VICERRECTORIA ACADEMICA,FACULTAD DE CIENCIAS ECONOMICAS Y ADMINISTRATIVAS,CARRERA DE ADMINISTRACION DE EMPRESAS,CARPETA,ARCHIVO HISTORICO,,,CONSERVACION TOTAL,,,PENDIENTE,MAESTDPVRACFACCEAPRECAE2018
,VRAC-FAC-CEA-DF,BOG,,CORRESPONDENCIA,15,CONSECUTIVO DE CARTAS,15.7,CONSECUTIVOS 0151 A 0200 DE 2017 (1/2),CERRADO,05/06/2017,ARCHIVO HISTORICO,1,52,,11/05/2017,05/06/2017,,,DC,,,RO,,,,,329,5079,,,CJ329-CP5079,DECANATURA FACULTAD DE CIENCIAS ECONOMICAS Y ADMINISTRATIVAS ,"CARTAS
PROCESOS DISCIPLINARIOS",82,PONTIFICIA UNIVERSIDAD JAVERIANA,VICERRECTORIA ADMINISTRATIVA,FACULTAD DE CIENCIAS ECONOMICAS Y ADMINISTRATIVAS,DECANATURA,CARPETA,ARCHIVO HISTORICO,"CODIGO SERIE/ SUBSERIE 15,7",,CONSERVACION TOTAL,,,PENDIENTE,MAESTDPVRACFACCEADF2023
,VRAC-FAC-CEA-DF,BOG,,CORRESPONDENCIA,15,CONSECUTIVO DE CARTAS,15.7,CONSECUTIVOS 0151 A 0200 DE 2017 (2/2),CERRADO,05/06/2017,ARCHIVO HISTORICO,1,188,,12/05/2017,05/06/2017,,,DC,,,RO,,,,,329,5080,,,CJ329-CP5080,DECANATURA FACULTAD DE CIENCIAS ECONOMICAS Y ADMINISTRATIVAS ,"CARTAS
PROCESOS DISCIPLINARIOS
ANTICIPOS",83,PONTIFICIA UNIVERSIDAD JAVERIANA,VICERRECTORIA ADMINISTRATIVA,FACULTAD DE CIENCIAS ECONOMICAS Y ADMINISTRATIVAS,DECANATURA,CARPETA,ARCHIVO HISTORICO,"CODIGO SERIE/ SUBSERIE 15,7",,CONSERVACION TOTAL,,,PENDIENTE,MAESTDPVRACFACCEADF2023
,VRAC-FAC-CEA-DF,BOG,,CORRESPONDENCIA,15,CONSECUTIVO DE CARTAS,15.7,CONSECUTIVOS 0251 A 0300 DE 2019 (2/2),CERRADO,05/08/2019,ARCHIVO HISTORICO,1,194,,16/07/2019,05/08/2019,,,DC,,,RO,,,,,331,5113,,,CJ331-CP5113,DECANATURA FACULTAD DE CIENCIAS ECONOMICAS Y ADMINISTRATIVAS ,"CARTAS
PROCESOS DISCIPLINARIOS
RETIROS DE ASIGNATURAS",116,PONTIFICIA UNIVERSIDAD JAVERIANA,VICERRECTORIA ADMINISTRATIVA,FACULTAD DE CIENCIAS ECONOMICAS Y ADMINISTRATIVAS,DECANATURA,CARPETA,ARCHIVO HISTORICO,"CODIGO SERIE/ SUBSERIE 15,7",,CONSERVACION TOTAL,,,PENDIENTE,MAESTDPVRACFACCEADF2023
,VRAC-FAC-CEA-PRE-CAE,BOG,,ACREDITACION,,ACREDITACION DE PROGRAMAS ACADEMICOS,,"ASIGNATURAS COMPLEMENTARIAS
SIU",CERRADO,05/10/2006,ARCHIVO HISTORICO,1,,,27/07/2006,05/10/2006,,,DC,,,RO,16,B,4,1,15,776,,,B16-LB-ES4-EN1-CJ15-CP776,,"ASIGNATURAS COMPLEMENTARIAS SIU
PROGRAMA ADMINISTRACION DE EMPRESAS",73,PONTIFICIA UNIVERSIDAD JAVERIANA,VICERRECTORIA ACADEMICA,FACULTAD DE CIENCIAS ECONOMICAS Y ADMINISTRATIVAS,CARRERA DE ADMINISTRACION DE EMPRESAS,CARPETA,ARCHIVO HISTORICO,,,CONSERVACION TOTAL,,,PENDIENTE,MAESTDPVRACFACCEAPRECAE2018
,VRAC-FAC-CEA-DEP-DAD,BOG,,ACTAS ,,ACTAS DEL COMITE DEL DEPARTAMENTO ,,COMITE DE PUBLICACIONES ,CERRADO,06/05/2014,ARCHIVO HISTORICO,1,109,,01/03/2011,06/05/2014,,,DC,,,RO,20,B,5,7,22,827,,,B20-LB-ES5-EN7-CJ22-CP827,DEPARTAMENTO DE ADMINISTRACION,"POLITICA DE PUBLICACIONES
ACTAS",2,PONTIFICIA UNIVERSIDAD JAVERIANA,PONTIFICIA UNIVERSIDAD JAVERIANA,PONTIFICIA UNIVERSIDAD JAVERIANA,PONTIFICIA UNIVERSIDAD JAVERIANA,CARPETA,ARCHIVO HISTORICO,,,CONSERVACION TOTAL,,,PENDIENTE,MAESTDPVRACFACCEADEPDAD2019
,VRAC-FAC-CEA-DF,BOG,,CORRESPONDENCIA,15,CONSECUTIVO DE CARTAS,15.7,CONSECUTIVOS 0101 A 0150 DE 2019,CERRADO,06/05/2019,ARCHIVO HISTORICO,1,193,,29/03/2019,06/05/2019,,,DC,,,RO,,,,,331,5107,,,CJ331-CP5107,DECANATURA FACULTAD DE CIENCIAS ECONOMICAS Y ADMINISTRATIVAS ,"CARTAS
EXCUSAS
PRESENTACIONES DE PROYECTOS
RECOMENDACIONES
PROCESOS DISCIPLINARIOS",110,PONTIFICIA UNIVERSIDAD JAVERIANA,VICERRECTORIA ADMINISTRATIVA,FACULTAD DE CIENCIAS ECONOMICAS Y ADMINISTRATIVAS,DECANATURA,CARPETA,ARCHIVO HISTORICO,"CODIGO SERIE/ SUBSERIE 15,7",,CONSERVACION TOTAL,,,PENDIENTE,MAESTDPVRACFACCEADF2023
,VRAC-FAC-CEA-DEP-DAD,BOG,,PROYECTOS,,PROYECTOS DE INVESTIGACION INTERNOS,,"PRESENTACION DE PROYECTO
CERTIFICACIONES",CERRADO,06/06/2018,ARCHIVO HISTORICO,1,56,,20/02/2017,06/06/2018,,,DC,,,RO,21,A,2,4,26,879,,,B21-LA-ES2-EN4-CJ26-CP879,DEPARTAMENTO DE ADMINISTRACION,"INFORME
PRESUPUESTO
ASISTENTES
CORREOS",11,PONTIFICIA UNIVERSIDAD JAVERIANA,VICERRECTORIA ACADEMICA,FACULTAD DE CIENCIAS ECONOMICAS Y ADMINISTRATIVAS,DEPARTAMENTO DE ADMINISTRACION,CARPETA,ARCHIVO HISTORICO,,,CONSERVACION TOTAL,,,PENDIENTE,MAESTDPVRACFACCEADEPDAD2023
,VRAC-FAC-CEA-DF,BOG,,CORRESPONDENCIA,15,CONSECUTIVO DE CARTAS,15.7,CONSECUTIVOS 0429 A 0450 DE 2017,CERRADO,06/12/2017,ARCHIVO HISTORICO,1,103,,20/11/2017,06/12/2017,,,DC,,,RO,,,,,329,5089,,,CJ329-CP5089,DECANATURA FACULTAD DE CIENCIAS ECONOMICAS Y ADMINISTRATIVAS ,"CARTAS
CONTRATACIONES
PROCESOS DISCIPLINARIOS
PROYECTOS DE INVESTIGACIONES",92,PONTIFICIA UNIVERSIDAD JAVERIANA,VICERRECTORIA ADMINISTRATIVA,FACULTAD DE CIENCIAS ECONOMICAS Y ADMINISTRATIVAS,DECANATURA,CARPETA,ARCHIVO HISTORICO,"CODIGO SERIE/ SUBSERIE 15,7",,CONSERVACION TOTAL,,,PENDIENTE,MAESTDPVRACFACCEADF2023
,VRAC-FAC-CEA-DF,BOG,,MEDIO UNIVERSITARIO,54,BIENESTAR,54.15,ASUNTOS ESTUDIANTILES CARRERA ADMINISTRACION DE EMPRESAS,CERRADO,07/11/2017,ARCHIVO HISTORICO,1,210,,17/12/2015,07/11/2017,,,DC,,,RO,,,,,332,5126,,,CJ332-CP5126,DECANATURA FACULTAD DE CIENCIAS ECONOMICAS Y ADMINISTRATIVAS ,"PROCESOS DISCIPLINARIOS
CARTAS
MATRICULAS EXTRAORDINARIAS",129,PONTIFICIA UNIVERSIDAD JAVERIANA,VICERRECTORIA ADMINISTRATIVA,FACULTAD DE CIENCIAS ECONOMICAS Y ADMINISTRATIVAS,DECANATURA,CARPETA,ARCHIVO HISTORICO,"CODIGO SERIE/ SUBSERIE 54,15",,CONSERVACION TOTAL,,,PENDIENTE,MAESTDPVRACFACCEADF2023
,VRAC-FAC-CEA-DEP-DAD,BOG,,ACTIVIDADES DE SERVICIO ,,ACTIVIDADES DE SERVICIO ,,SOLICITUDES Y CORRESPONDENCIA,CERRADO,07/11/2018,ARCHIVO HISTORICO,1,98,,13/09/2017,07/11/2018,,,DC,,,RO,20,B,5,7,22,834,,,B20-LB-ES5-EN7-CJ22-CP834,DEPARTAMENTO DE ADMINISTRACION,"SOLICITUDES
CARTAS",9,PONTIFICIA UNIVERSIDAD JAVERIANA,VICERRECTORIA ACADEMICA,FACULTAD DE CIENCIAS ECONOMICAS Y ADMINISTRATIVAS,DEPARTAMENTO DE ADMINISTRACION,CARPETA,ARCHIVO HISTORICO,,,CONSERVACION TOTAL,,,PENDIENTE,MAESTDPVRACFACCEADEPDAD2019
,VRAC-FAC-CEA-DF,BOG,,CORRESPONDENCIA,,CONSECUTIVO DE CARTAS,15.7,CONSECUTIVOS 0001 A 0050 DE 2013 (1/2),CERRADO,08/02/2013,ARCHIVO HISTORICO,1,103,,11/01/2013,08/02/2013,,,DC,,,RO,,,,,324,5010,,,CJ324-CP5010,DECANATURA FACULTAD DE CIENCIAS ECONOMICAS Y ADMINISTRATIVAS ,"CARTAS
CORREOS ELECTRONICOS
RECIBOS DE PAGO
FOTOCOPIAS DE CARNETS
MEMORANDOS",13,PONTIFICIA UNIVERSIDAD JAVERIANA,VICERRECTORIA ADMINISTRATIVA,FACULTAD DE CIENCIAS ECONOMICAS Y ADMINISTRATIVAS,DECANATURA,CARPETA,ARCHIVO HISTORICO,"CODIGO SERIE/ SUBSERIE 15,7",,CONSERVACION TOTAL,,,PENDIENTE,MAESTDPVRACFACCEADF2023
,VRAC-FAC-CEA-DF,BOG,,CORRESPONDENCIA,,CONSECUTIVO DE CARTAS,15.7,CONSECUTIVOS 0001 A 0050 DE 2013 (2/2),CERRADO,08/02/2013,ARCHIVO HISTORICO,1,138,,11/01/2013,08/02/2013,,,DC,,,RO,,,,,324,5011,,,CJ324-CP5011,DECANATURA FACULTAD DE CIENCIAS ECONOMICAS Y ADMINISTRATIVAS ,"CARTAS
PROCESOS DISCIPLINARIOS",14,PONTIFICIA UNIVERSIDAD JAVERIANA,VICERRECTORIA ADMINISTRATIVA,FACULTAD DE CIENCIAS ECONOMICAS Y ADMINISTRATIVAS,DECANATURA,CARPETA,ARCHIVO HISTORICO,"CODIGO SERIE/ SUBSERIE 15,7",,CONSERVACION TOTAL,,,PENDIENTE,MAESTDPVRACFACCEADF2023
,VRAC-FAC-CEA-DF,BOG,,CORRESPONDENCIA,,CONSECUTIVO DE CARTAS,15.7,CONSECUTIVOS 0001 A 0050 DE 2016,CERRADO,08/02/2016,ARCHIVO HISTORICO,1,142,,14/01/2016,08/02/2016,,,DC,,,RO,,,,,327,5059,,,CJ327-CP5059,DECANATURA FACULTAD DE CIENCIAS ECONOMICAS Y ADMINISTRATIVAS ,"CARTAS
RESERVAS DE CUPO
EXCUSAS
APROBACIONES
RETIROS DE ASIGNATURAS
PROCESOS DISCIPLINARIOS",62,PONTIFICIA UNIVERSIDAD JAVERIANA,VICERRECTORIA ADMINISTRATIVA,FACULTAD DE CIENCIAS ECONOMICAS Y ADMINISTRATIVAS,DECANATURA,CARPETA,ARCHIVO HISTORICO,"CODIGO SERIE/ SUBSERIE 15,7",,CONSERVACION TOTAL,,,PENDIENTE,MAESTDPVRACFACCEADF2023
,VRAC-FAC-CEA-DEP-DAD,BOG,,ASOCIACIONES ,,ASOCIACIONES DE FACULTADES DISCIPLINARES O PROFESIONALES ,,ASCOLFA,CERRADO,08/04/2013,ARCHIVO HISTORICO,1,13,,01/03/2013,08/04/2013,,,DC,,,RO,20,B,5,7,22,835,,,B20-LB-ES5-EN7-CJ22-CP835,DEPARTAMENTO DE ADMINISTRACION,"CARTAS
BALANCE GENERAL
RESULTADOS",10,PONTIFICIA UNIVERSIDAD JAVERIANA,PONTIFICIA UNIVERSIDAD JAVERIANA,PONTIFICIA UNIVERSIDAD JAVERIANA,PONTIFICIA UNIVERSIDAD JAVERIANA,CARPETA,ARCHIVO HISTORICO,INCLUYE UN INFORME DE GESTION 2012 Y PROYECCIONES 2013,,CONSERVACION TOTAL,,,PENDIENTE,MAESTDPVRACFACCEADEPDAD2019
,VRAC-FAC-CEA-DF,BOG,,CORRESPONDENCIA,15,CONSECUTIVO DE CARTAS,15.7,CONSECUTIVOS 0301 A 0325 DE 2016,CERRADO,08/08/2016,ARCHIVO HISTORICO,1,64,,28/07/2016,08/08/2016,,,DC,,,RO,,,,,328,5068,,,CJ328-CP5068,DECANATURA FACULTAD DE CIENCIAS ECONOMICAS Y ADMINISTRATIVAS ,"CARTAS
PAGOS DE MATRICULAS
MATRICULAS EXTRAORDINARIAS
PROCESOS DISCIPLINARIOS
EXCUSAS ",71,PONTIFICIA UNIVERSIDAD JAVERIANA,VICERRECTORIA ADMINISTRATIVA,FACULTAD DE CIENCIAS ECONOMICAS Y ADMINISTRATIVAS,DECANATURA,CARPETA,ARCHIVO HISTORICO,"CODIGO SERIE/ SUBSERIE 15,7",,CONSERVACION TOTAL,,,PENDIENTE,MAESTDPVRACFACCEADF2023
,VRAC-FAC-CEA-DF,BOG,,CORRESPONDENCIA,15,CONSECUTIVO DE CARTAS,15.7,CONSECUTIVOS 0301 A 0350 DE 2017 (1/2),CERRADO,08/09/2017,ARCHIVO HISTORICO,1,123,,17/08/2017,08/09/2017,,,DC,,,RO,,,,,329,5085,,,CJ329-CP5085,DECANATURA FACULTAD DE CIENCIAS ECONOMICAS Y ADMINISTRATIVAS ,"CARTAS
PLANES DE FORMACIONES
CORREOS ELECTRONICOS
PRESENTACION DE PROYECTOS
PROCESOS DISCIPLINARIOS",88,PONTIFICIA UNIVERSIDAD JAVERIANA,VICERRECTORIA ADMINISTRATIVA,FACULTAD DE CIENCIAS ECONOMICAS Y ADMINISTRATIVAS,DECANATURA,CARPETA,ARCHIVO HISTORICO,"CODIGO SERIE/ SUBSERIE 15,7",,CONSERVACION TOTAL,,,PENDIENTE,MAESTDPVRACFACCEADF2023
,VRAC-FAC-CEA-DF,BOG,,CORRESPONDENCIA,15,CONSECUTIVO DE CARTAS,15.7,CONSECUTIVOS 0301 A 0350 DE 2017 (2/2),CERRADO,08/09/2017,ARCHIVO HISTORICO,1,111,,05/09/2017,08/09/2017,,,DC,,,RO,,,,,329,5086,,,CJ329-CP5086,DECANATURA FACULTAD DE CIENCIAS ECONOMICAS Y ADMINISTRATIVAS ,"CARTAS
EXCUSAS
MATRICULAS EXTRAORDINARIAS
PRESENTACION DE PROYECTOS",89,PONTIFICIA UNIVERSIDAD JAVERIANA,VICERRECTORIA ADMINISTRATIVA,FACULTAD DE CIENCIAS ECONOMICAS Y ADMINISTRATIVAS,DECANATURA,CARPETA,ARCHIVO HISTORICO,"CODIGO SERIE/ SUBSERIE 15,7",,CONSERVACION TOTAL,,,PENDIENTE,MAESTDPVRACFACCEADF2023
,VRAC-FAC-CEA-DF,BOG,,CORRESPONDENCIA,,CONSECUTIVO DE CARTAS,15.7,CONSECUTIVOS 1051 A 1100 DE 2014 DA,CERRADO,09/05/2014,ARCHIVO HISTORICO,1,86,,07/04/2014,09/05/2014,,,DC,,,RO,,,,,325,5032,,,CJ325-CP5032,DECANATURA FACULTAD DE CIENCIAS ECONOMICAS Y ADMINISTRATIVAS ,"CARTAS
PRESENTACIONES
EXCUSAS
RESERVAS DE CUPOS",35,PONTIFICIA UNIVERSIDAD JAVERIANA,VICERRECTORIA ADMINISTRATIVA,FACULTAD DE CIENCIAS ECONOMICAS Y ADMINISTRATIVAS,DECANATURA,CARPETA,ARCHIVO HISTORICO,"CODIGO SERIE/ SUBSERIE 15,7",,CONSERVACION TOTAL,,,PENDIENTE,MAESTDPVRACFACCEADF2023
,VRAC-FAC-CEA-DF,BOG,,CORRESPONDENCIA,,CONSECUTIVO DE CARTAS,15.7,CONSECUTIVOS 1301 A 1350 DE 2014 DA,CERRADO,09/06/2014,ARCHIVO HISTORICO,1,141,,13/05/2014,09/06/2014,,,DC,,,RO,,,,,326,5033,,,CJ326-CP5033,DECANATURA FACULTAD DE CIENCIAS ECONOMICAS Y ADMINISTRATIVAS ,"CARTAS
EXCUSAS
PRESENTACIONES DE PROYECTOS
CIRCULARES
INVTIACIONES
EXCUSAS",36,PONTIFICIA UNIVERSIDAD JAVERIANA,VICERRECTORIA ADMINISTRATIVA,FACULTAD DE CIENCIAS ECONOMICAS Y ADMINISTRATIVAS,DECANATURA,CARPETA,ARCHIVO HISTORICO,"CODIGO SERIE/ SUBSERIE 15,7",,CONSERVACION TOTAL,,,PENDIENTE,MAESTDPVRACFACCEADF2023
,VRAC-FAC-CEA-DF,BOG,,CORRESPONDENCIA,,CONSECUTIVO DE CARTAS,15.7,CONSECUTIVOS 2801 A 2850 DE 2013 DA (1/2),CERRADO,09/11/2013,ARCHIVO HISTORICO,1,32,,16/09/2013,09/11/2013,,,DC,,,RO,,,,,325,5023,,,CJ325-CP5023,DECANATURA FACULTAD DE CIENCIAS ECONOMICAS Y ADMINISTRATIVAS ,"SOLICITUDES DE NOMBRAMIENTOS
CARTAS
RESERVAS DE CUPOS
PRESENTACIONES
MATRICULAS
RETIROS DE ASIGNATURAS",26,PONTIFICIA UNIVERSIDAD JAVERIANA,VICERRECTORIA ADMINISTRATIVA,FACULTAD DE CIENCIAS ECONOMICAS Y ADMINISTRATIVAS,DECANATURA,CARPETA,ARCHIVO HISTORICO,"CODIGO SERIE/ SUBSERIE 15,7",,CONSERVACION TOTAL,,,PENDIENTE,MAESTDPVRACFACCEADF2023
,VRAC-FAC-CEA-DF,BOG,,MEDIO UNIVERSITARIO,54,BIENESTAR,54.15,ASUNTOS ESTUDIANTILES CARRERA ADMINISTRACION DE EMPRESAS  (1/2),CERRADO,09/12/2015,ARCHIVO HISTORICO,1,67,,14/01/2015,09/12/2015,,,DC,,,RO,,,,,332,5124,,,CJ332-CP5124,DECANATURA FACULTAD DE CIENCIAS ECONOMICAS Y ADMINISTRATIVAS ,"CARTAS
PRESENTACION DE PROYECTOS",127,PONTIFICIA UNIVERSIDAD JAVERIANA,VICERRECTORIA ADMINISTRATIVA,FACULTAD DE CIENCIAS ECONOMICAS Y ADMINISTRATIVAS,DECANATURA,CARPETA,ARCHIVO HISTORICO,"CODIGO SERIE/ SUBSERIE 54,15",,CONSERVACION TOTAL,,,PENDIENTE,MAESTDPVRACFACCEADF2023
,VRAC-FAC-CEA-DF,BOG,,MEDIO UNIVERSITARIO,,BIENESTAR,,ASUNTOS ESTUDIANTILES CARRERA ADMINISTRACION DE EMPRESAS (2/2),CERRADO,09/12/2015,ARCHIVO HISTORICO,1,198,,14/01/2015,09/12/2015,,,DC,,,RO,,,,,332,5125,,,CJ332-CP5125,DECANATURA FACULTAD DE CIENCIAS ECONOMICAS Y ADMINISTRATIVAS ,"CARTAS
PRESENTACION DE PROYECTOS",128,PONTIFICIA UNIVERSIDAD JAVERIANA,VICERRECTORIA ADMINISTRATIVA,FACULTAD DE CIENCIAS ECONOMICAS Y ADMINISTRATIVAS,DECANATURA,CARPETA,ARCHIVO HISTORICO,INCLUYE UN CD,,CONSERVACION TOTAL,,,PENDIENTE,MAESTDPVRACFACCEADF2023
,VRAC-FAC-CEA-DF,BOG,,CORRESPONDENCIA,15,CONSECUTIVO DE CARTAS,15.7,CONSECUTIVOS 0351 A 0400 DE 2019 (2/2),CERRADO,09/12/2019,ARCHIVO HISTORICO,1,188,,25/11/2019,09/12/2019,,,DC,,,RO,,,,,331,5116,,,CJ331-CP5116,DECANATURA FACULTAD DE CIENCIAS ECONOMICAS Y ADMINISTRATIVAS ,"CARTAS
PROCESOS DISCIPLINARIOS",119,PONTIFICIA UNIVERSIDAD JAVERIANA,VICERRECTORIA ADMINISTRATIVA,FACULTAD DE CIENCIAS ECONOMICAS Y ADMINISTRATIVAS,DECANATURA,CARPETA,ARCHIVO HISTORICO,"CODIGO SERIE/ SUBSERIE 15,7",,CONSERVACION TOTAL,,,PENDIENTE,MAESTDPVRACFACCEADF2023
,VRAC-FAC-CEA-PRE-CAE,BOG,,ACREDITACION,,ACREDITACION DE PROGRAMAS ACADEMICOS,,FORMATO PARA LA SOLICITUD DE REGISTRO CALIFICADO,CERRADO,10/09/2003,ARCHIVO HISTORICO,1,,,10/09/2003,10/09/2003,,,DC,,,RO,16,B,3,7,11,752,,,B16-LB-ES3-EN7-CJ11-CP752,,PARA PROGRAMAS DE PREGRADO Y ESPECIALIZACION PARA INSTITUCIONES DE EDUCACION SUPERIOR ACREDITADAS INSTITUCIONALMENTE DE ALTA CALIDAD,49,PONTIFICIA UNIVERSIDAD JAVERIANA,VICERRECTORIA ACADEMICA,FACULTAD DE CIENCIAS ECONOMICAS Y ADMINISTRATIVAS,CARRERA DE ADMINISTRACION DE EMPRESAS,CARPETA,ARCHIVO HISTORICO,,,CONSERVACION TOTAL,,,PENDIENTE,MAESTDPVRACFACCEAPRECAE2018
,VRAC-FAC-CEA-DF,BOG,,CORRESPONDENCIA,,CONSECUTIVO DE CARTAS,15.7,CONSECUTIVOS 0001 A 0050 DE 2015,CERRADO,11/02/2015,ARCHIVO HISTORICO,1,200,,19/01/2015,11/02/2015,,,DC,,,RO,,,,,326,5042,,,CJ326-CP5042,DECANATURA FACULTAD DE CIENCIAS ECONOMICAS Y ADMINISTRATIVAS ,CARTAS,45,PONTIFICIA UNIVERSIDAD JAVERIANA,VICERRECTORIA ADMINISTRATIVA,FACULTAD DE CIENCIAS ECONOMICAS Y ADMINISTRATIVAS,DECANATURA,CARPETA,ARCHIVO HISTORICO,"CODIGO SERIE/ SUBSERIE 15,7",,CONSERVACION TOTAL,,,PENDIENTE,MAESTDPVRACFACCEADF2023
,VRAC-FAC-CEA-DF,BOG,,CORRESPONDENCIA,15,CONSECUTIVO DE CARTAS,15.7,CONSECUTIVOS 0019 A 0050 DE 2019,CERRADO,11/02/2019,ARCHIVO HISTORICO,1,150,,21/01/2019,11/02/2019,,,DC,,,RO,,,,,331,5105,,,CJ331-CP5105,DECANATURA FACULTAD DE CIENCIAS ECONOMICAS Y ADMINISTRATIVAS ,"CARTAS
EXCUSAS
MATRICULAS EXTRAORDINARIAS
PROCESOS DISCIPLINARIOS
INVITACIONES",108,PONTIFICIA UNIVERSIDAD JAVERIANA,VICERRECTORIA ADMINISTRATIVA,FACULTAD DE CIENCIAS ECONOMICAS Y ADMINISTRATIVAS,DECANATURA,CARPETA,ARCHIVO HISTORICO,"CODIGO SERIE/ SUBSERIE 15,7",,CONSERVACION TOTAL,,,PENDIENTE,MAESTDPVRACFACCEADF2023
,VRAC-FAC-CEA-DEP-DAD,BOG,,EVENTOS,,EVENTOS INSTITUCIONALES,,SOPORTES DE EVENTOS,CERRADO,11/06/2014,ARCHIVO HISTORICO,1,200,,09/07/2013,11/06/2014,,,DC,,,RO,20,B,5,7,23,846,,,B20-LB-ES5-EN7-CJ23-CP846,DEPARTAMENTO DE ADMINISTRACION,INFORME,21,PONTIFICIA UNIVERSIDAD JAVERIANA,VICERRECTORIA ACADEMICA,FACULTAD DE CIENCIAS ECONOMICAS Y ADMINISTRATIVAS,DEPARTAMENTO DE ADMINISTRACION,CARPETA,ARCHIVO HISTORICO,,,CONSERVACION TOTAL,,,PENDIENTE,MAESTDPVRACFACCEADEPDAD2019
,VRAC-FAC-CEA-DF,BOG,,CORRESPONDENCIA,15,CONSECUTIVO DE CARTAS,15.7,CONSECUTIVOS 0151 A 0200 DE 2019 (1/2),CERRADO,11/06/2019,ARCHIVO HISTORICO,1,101,,08/05/2019,11/06/2019,,,DC,,,RO,,,,,331,5108,,,CJ331-CP5108,DECANATURA FACULTAD DE CIENCIAS ECONOMICAS Y ADMINISTRATIVAS ,"CARTAS
CERTIFICACIONES
PROCESOS DISCPLINARIOS",111,PONTIFICIA UNIVERSIDAD JAVERIANA,VICERRECTORIA ADMINISTRATIVA,FACULTAD DE CIENCIAS ECONOMICAS Y ADMINISTRATIVAS,DECANATURA,CARPETA,ARCHIVO HISTORICO,"CODIGO SERIE/ SUBSERIE 15,7",,CONSERVACION TOTAL,,,PENDIENTE,MAESTDPVRACFACCEADF2023
,VRAC-FAC-CEA-DF,BOG,,CORRESPONDENCIA,15,CONSECUTIVO DE CARTAS,15.7,CONSECUTIVOS 0151 A 0200 DE 2019 (2/2),CERRADO,11/06/2019,ARCHIVO HISTORICO,1,196,,08/05/2019,11/06/2019,,,DC,,,RO,,,,,331,5109,,,CJ331-CP5109,DECANATURA FACULTAD DE CIENCIAS ECONOMICAS Y ADMINISTRATIVAS ,"CARTAS
PROCESOS DISCIPLINARIOS
MATRICULAS EXTRAORDINARIAS",112,PONTIFICIA UNIVERSIDAD JAVERIANA,VICERRECTORIA ADMINISTRATIVA,FACULTAD DE CIENCIAS ECONOMICAS Y ADMINISTRATIVAS,DECANATURA,CARPETA,ARCHIVO HISTORICO,"CODIGO SERIE/ SUBSERIE 15,7",,CONSERVACION TOTAL,,,PENDIENTE,MAESTDPVRACFACCEADF2023
,VRAC-FAC-CEA-DF,BOG,,CORRESPONDENCIA,15,CONSECUTIVO DE CARTAS,15.7,CONSECUTIVOS 0225 A 0250 DE 2017,CERRADO,11/07/2017,ARCHIVO HISTORICO,1,201,,21/06/2017,11/07/2017,,,DC,,,RO,,,,,329,5082,,,CJ329-CP5082,DECANATURA FACULTAD DE CIENCIAS ECONOMICAS Y ADMINISTRATIVAS ,"CARTAS
PROCESOS DISCIPLINARIOS
RESERVAS DE CUPO
PRESENTACION DE PROYECTOS",85,PONTIFICIA UNIVERSIDAD JAVERIANA,VICERRECTORIA ADMINISTRATIVA,FACULTAD DE CIENCIAS ECONOMICAS Y ADMINISTRATIVAS,DECANATURA,CARPETA,ARCHIVO HISTORICO,"CODIGO SERIE/ SUBSERIE 15,7",,CONSERVACION TOTAL,,,PENDIENTE,MAESTDPVRACFACCEADF2023
,VRAC-FAC-CEA-DF,BOG,,CORRESPONDENCIA,15,CONSECUTIVO DE CARTAS,15.7,CONSECUTIVOS 0201 A 0223 DE 2018,CERRADO,11/07/2018,ARCHIVO HISTORICO,1,151,,20/06/2018,11/07/2018,,,DC,,,RO,,,,,330,5096,,,CJ330-CP5096,DECANATURA FACULTAD DE CIENCIAS ECONOMICAS Y ADMINISTRATIVAS ,"CARTAS
PROCESOS DISCIPLINARIOS
EXCUSAS",99,PONTIFICIA UNIVERSIDAD JAVERIANA,VICERRECTORIA ADMINISTRATIVA,FACULTAD DE CIENCIAS ECONOMICAS Y ADMINISTRATIVAS,DECANATURA,CARPETA,ARCHIVO HISTORICO,"CODIGO SERIE/ SUBSERIE 15,7",,CONSERVACION TOTAL,,,PENDIENTE,MAESTDPVRACFACCEADF2023
,VRAC-FAC-CEA-DF,BOG,,CORRESPONDENCIA,,CONSECUTIVO DE CARTAS,15.7,CONSECUTIVOS 0051 A 0100 DE 2013,CERRADO,11/09/2013,ARCHIVO HISTORICO,1,58,,11/01/2013,11/09/2013,,,DC,,,RO,,,,,324,5012,,,CJ324-CP5012,DECANATURA FACULTAD DE CIENCIAS ECONOMICAS Y ADMINISTRATIVAS ,"CARTAS
EXCUSAS
LLAMADOS DE ATENCION
PERMISOS",15,PONTIFICIA UNIVERSIDAD JAVERIANA,VICERRECTORIA ADMINISTRATIVA,FACULTAD DE CIENCIAS ECONOMICAS Y ADMINISTRATIVAS,DECANATURA,CARPETA,ARCHIVO HISTORICO,"CODIGO SERIE/ SUBSERIE 15,7",,CONSERVACION TOTAL,,,PENDIENTE,MAESTDPVRACFACCEADF2023
,VRAC-FAC-CEA-DF,BOG,,CORRESPONDENCIA,15,CONSECUTIVO DE CARTAS,15.7,CONSECUTIVOS 0401 A 0423 DE 2016,CERRADO,11/10/2016,ARCHIVO HISTORICO,1,162,,12/09/2016,11/10/2016,,,DC,,,RO,,,,,328,5071,,,CJ328-CP5071,DECANATURA FACULTAD DE CIENCIAS ECONOMICAS Y ADMINISTRATIVAS ,"CARTAS
ACTAS
RESERVA DE CUPO
RETIRIOS DE ASINGTURAS
EXCUSAS",74,PONTIFICIA UNIVERSIDAD JAVERIANA,VICERRECTORIA ADMINISTRATIVA,FACULTAD DE CIENCIAS ECONOMICAS Y ADMINISTRATIVAS,DECANATURA,CARPETA,ARCHIVO HISTORICO,"CODIGO SERIE/ SUBSERIE 15,7",,CONSERVACION TOTAL,,,PENDIENTE,MAESTDPVRACFACCEADF2023
,VRAC-FAC-CEA-DF,BOG,,CORRESPONDENCIA,15,CONSECUTIVO DE CARTAS,15.7,CONSECUTIVOS 0424 A 0450 DE 2016,CERRADO,11/10/2016,ARCHIVO HISTORICO,1,75,,12/09/2016,11/10/2016,,,DC,,,RO,,,,,328,5072,,,CJ328-CP5072,DECANATURA FACULTAD DE CIENCIAS ECONOMICAS Y ADMINISTRATIVAS ,"CARTAS
PROCESOS DISCIPLINARIOS
ACTAS
EXCUSAS",75,PONTIFICIA UNIVERSIDAD JAVERIANA,VICERRECTORIA ADMINISTRATIVA,FACULTAD DE CIENCIAS ECONOMICAS Y ADMINISTRATIVAS,DECANATURA,CARPETA,ARCHIVO HISTORICO,"CODIGO SERIE/ SUBSERIE 15,7",,CONSERVACION TOTAL,,,PENDIENTE,MAESTDPVRACFACCEADF2023
,VRAC-FAC-CEA-DF,BOG,,CORRESPONDENCIA,,CONSECUTIVO DE CARTAS,15.7,CONSECUTIVOS 2551 A 2600 DE 2014 DA,CERRADO,11/11/2014,ARCHIVO HISTORICO,1,177,,30/09/2014,11/11/2014,,,DC,,,RO,,,,,326,5039,,,CJ326-CP5039,DECANATURA FACULTAD DE CIENCIAS ECONOMICAS Y ADMINISTRATIVAS ,"CARTAS
RESERVAS DE CUPO
EXCUSAS
CONTRATOS
INFORMES
ANTICIPOS
BECAS",42,PONTIFICIA UNIVERSIDAD JAVERIANA,VICERRECTORIA ADMINISTRATIVA,FACULTAD DE CIENCIAS ECONOMICAS Y ADMINISTRATIVAS,DECANATURA,CARPETA,ARCHIVO HISTORICO,"CODIGO SERIE/ SUBSERIE 15,7",,CONSERVACION TOTAL,,,PENDIENTE,MAESTDPVRACFACCEADF2023
,VRAC-FAC-CEA-DF,BOG,,CORRESPONDENCIA,15,CONSECUTIVO DE CARTAS,15.7,CONSECUTIVOS 0351 A 0400 DE 2019 (1/2),CERRADO,11/12/2019,ARCHIVO HISTORICO,1,101,,10/12/2019,11/12/2019,,,DC,,,RO,,,,,331,5115,,,CJ331-CP5115,DECANATURA FACULTAD DE CIENCIAS ECONOMICAS Y ADMINISTRATIVAS ,"CARTAS
PROCESOS DISCIPLINARIOS
MATRICULAS",118,PONTIFICIA UNIVERSIDAD JAVERIANA,VICERRECTORIA ADMINISTRATIVA,FACULTAD DE CIENCIAS ECONOMICAS Y ADMINISTRATIVAS,DECANATURA,CARPETA,ARCHIVO HISTORICO,"CODIGO SERIE/ SUBSERIE 15,7",,CONSERVACION TOTAL,,,PENDIENTE,MAESTDPVRACFACCEADF2023
,VRAC-FAC-CEA-DF,BOG,,CORRESPONDENCIA,15,CONSECUTIVO DE CARTAS,15.7,CONSECUTIVOS 0001 A 0050 DE 2018,CERRADO,12/02/2018,ARCHIVO HISTORICO,1,202,,12/01/2018,12/02/2018,,,DC,,,RO,,,,,330,5091,,,CJ330-CP5091,DECANATURA FACULTAD DE CIENCIAS ECONOMICAS Y ADMINISTRATIVAS ,"CARTAS
CERTIFICACIONES
PROCESOS DISCPLINARIOS
APOYOS ECONOMICOS",94,PONTIFICIA UNIVERSIDAD JAVERIANA,VICERRECTORIA ADMINISTRATIVA,FACULTAD DE CIENCIAS ECONOMICAS Y ADMINISTRATIVAS,DECANATURA,CARPETA,ARCHIVO HISTORICO,"CODIGO SERIE/ SUBSERIE 15,7",,CONSERVACION TOTAL,,,PENDIENTE,MAESTDPVRACFACCEADF2023
,VRAC-FAC-CEA-DF,BOG,,REDES DE COOPERACION,,,,COMUNICACIONES PARA MANTENER Y PROMOVER RELACIONES DE COOPERACION 2018 A  2019,CERRADO,12/05/2019,ARCHIVO HISTORICO,1,111,,17/02/2018,12/05/2019,,,DC,,,RO,,,,,324,5009,,,CJ324-CP5009,DECANATURA FACULTAD DE CIENCIAS ECONOMICAS Y ADMINISTRATIVAS ,"CARTAS
PARCIPACION DE CONCURSOS",12,PONTIFICIA UNIVERSIDAD JAVERIANA,VICERRECTORIA ADMINISTRATIVA,FACULTAD DE CIENCIAS ECONOMICAS Y ADMINISTRATIVAS,DECANATURA,CARPETA,ARCHIVO HISTORICO,INCLUYE UN CD,,CONSERVACION TOTAL,,,PENDIENTE,MAESTDPVRACFACCEADF2023
,VRAC-FAC-CEA-PRE-CAE,BOG,,ACREDITACION,,ACREDITACION DE PROGRAMAS ACADEMICOS,,INFORME DE AUTOEVALUACION PARA LA ACREDITACION VOLUNTARIA,CERRADO,12/07/2002,ARCHIVO HISTORICO,1,,,11/07/2002,12/07/2002,,,DC,,,RO,16,B,4,2,18,802,,,B16-LB-ES4-EN2-CJ18-CP802,,FUNCIONES DE LOS CARGOS DE LA CARRERA DE ADMINISTRACION DE EMPRESAS,99,PONTIFICIA UNIVERSIDAD JAVERIANA,VICERRECTORIA ACADEMICA,FACULTAD DE CIENCIAS ECONOMICAS Y ADMINISTRATIVAS,CARRERA DE ADMINISTRACION DE EMPRESAS,CARPETA,ARCHIVO HISTORICO,,,CONSERVACION TOTAL,,,PENDIENTE,MAESTDPVRACFACCEAPRECAE2018
,VRAC-FAC-CEA-PRE-CAE,BOG,,ACREDITACION,,ACREDITACION DE PROGRAMAS ACADEMICOS,,HISTORIA DE LA FACULTAD DE CIENCIAS ECONOMICAS Y ADMINISTRATIVAS,CERRADO,12/08/2003,ARCHIVO HISTORICO,1,,,12/11/1992,12/08/2003,,,DC,,,RO,16,B,3,5,6,705,,,B16-LB-ES3-EN5-CJ6-CP705,FACULTAD DE CIENCIAS ECONOMICAS Y ADMINISTRATIVAS,"DESCRIPCION DE PROCESOS
DESCRIPCION DE CARGOS
PLAN DE ESTUDIOS
DESARROLLO ESTRATEGICO
PLAN DE DESARROLLO Y PROPUESTA DE CREACION DE LA FACULTAD DE ADMINISTRACION",2,PONTIFICIA UNIVERSIDAD JAVERIANA,VICERRECTORIA ACADEMICA,FACULTAD DE CIENCIAS ECONOMICAS Y ADMINISTRATIVAS,CARRERA DE ADMINISTRACION DE EMPRESAS,CARPETA,ARCHIVO HISTORICO,,,CONSERVACION TOTAL,,,PENDIENTE,MAESTDPVRACFACCEAPRECAE2018
,VRAC-FAC-CEA-DEP-DAD,BOG,,EVENTOS,,EVENTOS INSTITUCIONALES,,EVENTOS INSTITUCIONALES ,CERRADO,12/08/2008,ARCHIVO HISTORICO,1,160,,12/02/2007,12/08/2008,,,DC,,,RO,20,B,5,7,23,849,,,B20-LB-ES5-EN7-CJ23-CP849,DEPARTAMENTO DE ADMINISTRACION,"CARTAS
INFORMES",24,PONTIFICIA UNIVERSIDAD JAVERIANA,VICERRECTORIA ACADEMICA,FACULTAD DE CIENCIAS ECONOMICAS Y ADMINISTRATIVAS,DEPARTAMENTO DE ADMINISTRACION,CARPETA,ARCHIVO HISTORICO,,,CONSERVACION TOTAL,,,PENDIENTE,MAESTDPVRACFACCEADEPDAD2019
,VRAC-FAC-CEA-DF,BOG,,CORRESPONDENCIA,,CONSECUTIVO DE CARTAS,15.7,CONSECUTIVOS 0301 A 0350 DE 2015,CERRADO,12/08/2015,ARCHIVO HISTORICO,1,177,,15/07/2015,12/08/2015,,,DC,,,RO,,,,,327,5050,,,CJ327-CP5050,DECANATURA FACULTAD DE CIENCIAS ECONOMICAS Y ADMINISTRATIVAS ,"CARTAS
MODIFICACION DE MATRICULAS DE ESTUDIANTES
APOYOS FINCIEROS
ACTUALIZACION DE ASIGNATURAS
MATRICULAS EXTRAORDINARIAS",53,PONTIFICIA UNIVERSIDAD JAVERIANA,VICERRECTORIA ADMINISTRATIVA,FACULTAD DE CIENCIAS ECONOMICAS Y ADMINISTRATIVAS,DECANATURA,CARPETA,ARCHIVO HISTORICO,"CODIGO SERIE/ SUBSERIE 15,7",,CONSERVACION TOTAL,,,PENDIENTE,MAESTDPVRACFACCEADF2023
,VRAC-FAC-CEA-DF,BOG,,CORRESPONDENCIA,15,CONSECUTIVO DE CARTAS,15.7,CONSECUTIVOS 0351 A 0400 DE 2016,CERRADO,12/09/2016,ARCHIVO HISTORICO,1,162,,23/08/2016,12/09/2016,,,DC,,,RO,,,,,328,5070,,,CJ328-CP5070,DECANATURA FACULTAD DE CIENCIAS ECONOMICAS Y ADMINISTRATIVAS ,"CARTAS
RESERVAS DE CUPO
INVITACIONES
MATRICULAS EXTRAORDINARIAS
PRESENTACIONES
SOLICITUDES
NOVEDADES",73,PONTIFICIA UNIVERSIDAD JAVERIANA,VICERRECTORIA ADMINISTRATIVA,FACULTAD DE CIENCIAS ECONOMICAS Y ADMINISTRATIVAS,DECANATURA,CARPETA,ARCHIVO HISTORICO,"CODIGO SERIE/ SUBSERIE 15,7",,CONSERVACION TOTAL,,,PENDIENTE,MAESTDPVRACFACCEADF2023
,VRAC-FAC-CEA-DF,BOG,,MEDIO UNIVERSITARIO,54,BIENESTAR,54.16,ASUNTOS ESTUDIANTILES POSGRADO 2016 A 2019,CERRADO,12/12/2019,ARCHIVO HISTORICO,1,135,,28/08/2016,12/12/2019,,,DC,,,RO,,,,,332,5131,,,CJ332-CP5131,DECANATURA FACULTAD DE CIENCIAS ECONOMICAS Y ADMINISTRATIVAS ,"CARTAS
MATRICULA EXTRAORDINARIA
CORREOS ELECTRONICOS",134,PONTIFICIA UNIVERSIDAD JAVERIANA,VICERRECTORIA ADMINISTRATIVA,FACULTAD DE CIENCIAS ECONOMICAS Y ADMINISTRATIVAS,DECANATURA,CARPETA,ARCHIVO HISTORICO,"CODIGO SERIE/ SUBSERIE 54,16",,CONSERVACION TOTAL,,,PENDIENTE,MAESTDPVRACFACCEADF2023
,VRAC-FAC-CEA-PRE-CEC,BOG,,PROGRAMAS ACADEMICOS,,,,REVISION CIRCULAR (1/2),CERRADO,13/05/2003,ARCHIVO HISTORICO,1,,,13/07/1999,13/05/2003,,,DC,,,RO,21,A,2,3,24,854,,,B21-LA-ES2-EN3-CJ24-CP854,FACULTAD DE CIENCIAS ECONOMICAS Y ADMINISTRATIVAS,INFORMES ACREDITACION,5,PONTIFICIA UNIVERSIDAD JAVERIANA,VICERRECTORIA ACADEMICA,FACULTAD DE CIENCIAS ECONOMICAS Y ADMINISTRATIVAS,CARRERA DE ECONOMIA,CARPETA,ARCHIVO HISTORICO,AZ EN ESTADO NATURAL SE PASO A CARPETA ,,CONSERVACION TOTAL,,,PENDIENTE,MAESTDPVRACFACCEAPRECEC2022
,VRAC-FAC-CEA-PRE-CEC,BOG,,PROGRAMAS ACADEMICOS,,,,REVISION CIRCULAR (2/2),CERRADO,13/05/2003,ARCHIVO HISTORICO,1,,,13/07/1999,13/05/2003,,,DC,,,RO,21,A,2,3,24,855,,,B21-LA-ES2-EN3-CJ24-CP855,FACULTAD DE CIENCIAS ECONOMICAS Y ADMINISTRATIVAS,INFORMES ACREDITACION,6,PONTIFICIA UNIVERSIDAD JAVERIANA,VICERRECTORIA ACADEMICA,FACULTAD DE CIENCIAS ECONOMICAS Y ADMINISTRATIVAS,CARRERA DE ECONOMIA,CARPETA,ARCHIVO HISTORICO,AZ EN ESTADO NATURAL SE PASO A CARPETA ,,CONSERVACION TOTAL,,,PENDIENTE,MAESTDPVRACFACCEAPRECEC2022
,VRAC-FAC-CEA-PRE-CAE,BOG,,ACREDITACION,,ACREDITACION DE PROGRAMAS ACADEMICOS,,"EVALUACIONES DE PROFESORES PERIODO 1610
3/4",CERRADO,13/05/2006,ARCHIVO HISTORICO,1,,,29/03/2006,13/05/2006,,,DC,,,RO,16,B,3,6,8,724,,,B16-LB-ES3-EN6-CJ8-CP724,FACULTAD DE CIENCIAS ECONOMICAS Y ADMINISTRATIVAS,EVALUACIONES DE PROFESORES PERIODO 1601,21,PONTIFICIA UNIVERSIDAD JAVERIANA,VICERRECTORIA ACADEMICA,FACULTAD DE CIENCIAS ECONOMICAS Y ADMINISTRATIVAS,CARRERA DE ADMINISTRACION DE EMPRESAS,CARPETA,ARCHIVO HISTORICO,,,CONSERVACION TOTAL,,,PENDIENTE,MAESTDPVRACFACCEAPRECAE2018
,VRAC-FAC-CEA-DF,BOG,,ACTAS,,ACTAS COMITE DEL MEDIO UNIVERSITARIO,1.82,ACTAS COMITE DEL MEDIO UNIVERSITARIO,CERRADO,13/06/2013,ARCHIVO HISTORICO,1,33,,19/03/2013,13/06/2013,,,DC,,,RO,,,,,324,5003,,,CJ324-CP5003,DECANATURA FACULTAD DE CIENCIAS ECONOMICAS Y ADMINISTRATIVAS ,PRESENTACIONES,6,PONTIFICIA UNIVERSIDAD JAVERIANA,VICERRECTORIA ADMINISTRATIVA,FACULTAD DE CIENCIAS ECONOMICAS Y ADMINISTRATIVAS,DECANATURA,CARPETA,ARCHIVO HISTORICO,"CODIGO SERIE/ SUBSERIE 1,82",,CONSERVACION TOTAL,,,PENDIENTE,MAESTDPVRACFACCEADF2023
,VRAC-FAC-CEA-DEP-DAD,BOG,,ACTAS ,,ACTAS DEL COMITE DE INVESTIGACION,,ACTAS DE COMITE DE INVESTIGACION,CERRADO,13/08/2014,ARCHIVO HISTORICO,1,77,,17/10/2013,13/08/2014,,,DC,,,RO,20,B,5,7,22,832,,,B20-LB-ES5-EN7-CJ22-CP832,DEPARTAMENTO DE ADMINISTRACION,"ACTAS
TRASMITE DE PROYECTOS",7,PONTIFICIA UNIVERSIDAD JAVERIANA,VICERRECTORIA ACADEMICA,FACULTAD DE CIENCIAS ECONOMICAS Y ADMINISTRATIVAS,DEPARTAMENTO DE ADMINISTRACION,CARPETA,ARCHIVO HISTORICO,,,CONSERVACION TOTAL,,,PENDIENTE,MAESTDPVRACFACCEADEPDAD2019
,VRAC-FAC-CEA-DF,BOG,,CORRESPONDENCIA,,CONSECUTIVO DE CARTAS,15.7,CONSECUTIVOS 2751 A 2782 DE 2013 DM,CERRADO,13/12/2013,ARCHIVO HISTORICO,1,39,,12/09/2013,13/12/2013,,,DC,,,RO,,,,,325,5022,,,CJ325-CP5022,DECANATURA FACULTAD DE CIENCIAS ECONOMICAS Y ADMINISTRATIVAS ,"PERMISOS
SOLICITUDES DE ANTICIPOS
MATRICULAS
CARTAS",25,PONTIFICIA UNIVERSIDAD JAVERIANA,VICERRECTORIA ADMINISTRATIVA,FACULTAD DE CIENCIAS ECONOMICAS Y ADMINISTRATIVAS,DECANATURA,CARPETA,ARCHIVO HISTORICO,"CODIGO SERIE/ SUBSERIE 15,7",,CONSERVACION TOTAL,,,PENDIENTE,MAESTDPVRACFACCEADF2023
,VRAC-FAC-CEA-DF,BOG,,CORRESPONDENCIA,15,CONSECUTIVO DE CARTAS,15.7,CONSECUTIVOS 0400 A 0438 DE 2018,CERRADO,13/12/2018,ARCHIVO HISTORICO,1,196,,04/12/2018,13/12/2018,,,DC,,,RO,,,,,330,5103,,,CJ330-CP5103,DECANATURA FACULTAD DE CIENCIAS ECONOMICAS Y ADMINISTRATIVAS ,"CARTAS
PROCESOS DISCIPLINARIOS",106,PONTIFICIA UNIVERSIDAD JAVERIANA,VICERRECTORIA ADMINISTRATIVA,FACULTAD DE CIENCIAS ECONOMICAS Y ADMINISTRATIVAS,DECANATURA,CARPETA,ARCHIVO HISTORICO,"CODIGO SERIE/ SUBSERIE 15,7",,CONSERVACION TOTAL,,,PENDIENTE,MAESTDPVRACFACCEADF2023
,VRAC-FAC-CEA-DF,BOG,,CORRESPONDENCIA,15,CONSECUTIVO DE CARTAS,15.7,CONSECUTIVOS 0401 A 0436 DE 2019,CERRADO,13/12/2019,ARCHIVO HISTORICO,1,127,,12/12/2019,13/12/2019,,,DC,,,RO,,,,,332,5117,,,CJ332-CP5117,DECANATURA FACULTAD DE CIENCIAS ECONOMICAS Y ADMINISTRATIVAS ,"CARTAS
PROCESOS DISCIPLINARIOS
EXCLUSIONES",120,PONTIFICIA UNIVERSIDAD JAVERIANA,VICERRECTORIA ADMINISTRATIVA,FACULTAD DE CIENCIAS ECONOMICAS Y ADMINISTRATIVAS,DECANATURA,CARPETA,ARCHIVO HISTORICO,"CODIGO SERIE/ SUBSERIE 15,7",,CONSERVACION TOTAL,,,PENDIENTE,MAESTDPVRACFACCEADF2023
,VRAC-FAC-CEA-DF,BOG,,CORRESPONDENCIA,,CONSECUTIVO DE CARTAS,15.7,CONSECUTIVOS 0101 A 0150 DE 2015,CERRADO,14/04/2015,ARCHIVO HISTORICO,1,131,,05/03/2015,14/04/2015,,,DC,,,RO,,,,,326,5045,,,CJ326-CP5045,DECANATURA FACULTAD DE CIENCIAS ECONOMICAS Y ADMINISTRATIVAS ,"CARTAS
RESERVAS DE CUPO
EXCUSAS
RETIROS DE ASIGNATURAS",48,PONTIFICIA UNIVERSIDAD JAVERIANA,VICERRECTORIA ADMINISTRATIVA,FACULTAD DE CIENCIAS ECONOMICAS Y ADMINISTRATIVAS,DECANATURA,CARPETA,ARCHIVO HISTORICO,"CODIGO SERIE/ SUBSERIE 15,7",,CONSERVACION TOTAL,,,PENDIENTE,MAESTDPVRACFACCEADF2023
,VRAC-FAC-CEA-DF,BOG,,CORRESPONDENCIA,15,CONSECUTIVO DE CARTAS,15.7,CONSECUTIVOS 0151 A 0185 DE 2018,CERRADO,14/06/2018,ARCHIVO HISTORICO,1,170,,15/05/2018,14/06/2018,,,DC,,,RO,,,,,330,5094,,,CJ330-CP5094,DECANATURA FACULTAD DE CIENCIAS ECONOMICAS Y ADMINISTRATIVAS ,"CARTAS
PROCESOS DISCIPLINARIOS
EXCUSAS
PROYECTOS DE INVESTIGACIONES",97,PONTIFICIA UNIVERSIDAD JAVERIANA,VICERRECTORIA ADMINISTRATIVA,FACULTAD DE CIENCIAS ECONOMICAS Y ADMINISTRATIVAS,DECANATURA,CARPETA,ARCHIVO HISTORICO,"CODIGO SERIE/ SUBSERIE 15,7",,CONSERVACION TOTAL,,,PENDIENTE,MAESTDPVRACFACCEADF2023
,VRAC-FAC-CEA-DF,BOG,,CORRESPONDENCIA,,CONSECUTIVO DE CARTAS,15.7,CONSECUTIVOS 0251 A 0300 DE 2015,CERRADO,14/07/2015,ARCHIVO HISTORICO,1,151,,16/06/2015,14/07/2015,,,DC,,,RO,,,,,327,5049,,,CJ327-CP5049,DECANATURA FACULTAD DE CIENCIAS ECONOMICAS Y ADMINISTRATIVAS ,"CARTAS
PROCESOS DISCIPLINARIOS
RETIROS DE ASIGNATURAS
GRUPOS DE INVESTIGACION",52,PONTIFICIA UNIVERSIDAD JAVERIANA,VICERRECTORIA ADMINISTRATIVA,FACULTAD DE CIENCIAS ECONOMICAS Y ADMINISTRATIVAS,DECANATURA,CARPETA,ARCHIVO HISTORICO,"CODIGO SERIE/ SUBSERIE 15,7",,CONSERVACION TOTAL,,,PENDIENTE,MAESTDPVRACFACCEADF2023
,VRAC-FAC-CEA-DF,BOG,,CORRESPONDENCIA,15,CONSECUTIVO DE CARTAS,15.7,CONSECUTIVOS 0501 A 541 DE 2016,CERRADO,14/12/2016,ARCHIVO HISTORICO,1,146,,16/11/2016,14/12/2016,,,DC,,,RO,,,,,328,5074,,,CJ328-CP5074,DECANATURA FACULTAD DE CIENCIAS ECONOMICAS Y ADMINISTRATIVAS ,"CARTAS
SOLICITUDES
RESERVAS DE CUPOS
PROCESOS DISCIPLINARIOS",77,PONTIFICIA UNIVERSIDAD JAVERIANA,VICERRECTORIA ADMINISTRATIVA,FACULTAD DE CIENCIAS ECONOMICAS Y ADMINISTRATIVAS,DECANATURA,CARPETA,ARCHIVO HISTORICO,"CODIGO SERIE/ SUBSERIE 15,7",,CONSERVACION TOTAL,,,PENDIENTE,MAESTDPVRACFACCEADF2023
,VRAC-FAC-CEA-PRE-CEC,BOG,,ACREDITACION,,ACREDITACION DE PROGRAMAS ACADEMICOS,,RESOLUCION DE ACREDITACION ,CERRADO,15/01/2015,ARCHIVO HISTORICO,1,98,,26/07/2012,15/01/2015,,,DC,,,RO,,,,,,,,,,FACULTAD DE CIENCIAS ECONOMICAS Y ADMINISTRATIVAS,INFORMES ACREDITACION,19,PONTIFICIA UNIVERSIDAD JAVERIANA,VICERRECTORIA ACADEMICA,FACULTAD DE CIENCIAS ECONOMICAS Y ADMINISTRATIVAS,CARRERA DE ECONOMIA,CARPETA,ARCHIVO HISTORICO,NO INGRESO EN LA TRANSFERENCIA,,CONSERVACION TOTAL,,,PENDIENTE,MAESTDPVRACFACCEAPRECEC2022
,VRAC-FAC-CEA-DF,BOG,,CORRESPONDENCIA,,CONSECUTIVO DE CARTAS,15.7,CONSECUTIVOS 0051 A 0100 DE 2015 (1/2),CERRADO,15/03/2015,ARCHIVO HISTORICO,1,179,,11/02/2015,15/03/2015,,,DC,,,RO,,,,,326,5043,,,CJ326-CP5043,DECANATURA FACULTAD DE CIENCIAS ECONOMICAS Y ADMINISTRATIVAS ,"CARTAS
MATRICULAS EXTRAORDINARIAS
EXCUSAS",46,PONTIFICIA UNIVERSIDAD JAVERIANA,VICERRECTORIA ADMINISTRATIVA,FACULTAD DE CIENCIAS ECONOMICAS Y ADMINISTRATIVAS,DECANATURA,CARPETA,ARCHIVO HISTORICO,"CODIGO SERIE/ SUBSERIE 15,7",,CONSERVACION TOTAL,,,PENDIENTE,MAESTDPVRACFACCEADF2023
,VRAC-FAC-CEA-DEP-DAD,BOG,,ACTAS ,,ACTAS DEL COMITE DEL DEPARTAMENTO,,ACTAS REFORMA CURRICULAR,CERRADO,15/03/2016,ARCHIVO HISTORICO,1,71,,14/10/2014,15/03/2016,,,DC,,,RO,20,B,5,7,22,828,,,B20-LB-ES5-EN7-CJ22-CP828,DEPARTAMENTO DE ADMINISTRACION,"SOLICITUDES
ACTAS",3,PONTIFICIA UNIVERSIDAD JAVERIANA,VICERRECTORIA ACADEMICA,FACULTAD DE CIENCIAS ECONOMICAS Y ADMINISTRATIVAS,DEPARTAMENTO DE ADMINISTRACION,CARPETA,ARCHIVO HISTORICO,,,CONSERVACION TOTAL,,,PENDIENTE,MAESTDPVRACFACCEADEPDAD2019
,VRAC-FAC-CEA-PRE-CAE,BOG,,ACREDITACION,,ACREDITACION DE PROGRAMAS ACADEMICOS,,"EVALUACIONES DE PROFESORES PERIODO 1610
1/4",CERRADO,15/05/2006,ARCHIVO HISTORICO,1,,,28/03/2006,15/05/2006,,,DC,,,RO,16,B,3,6,8,722,,,B16-LB-ES3-EN6-CJ8-CP722,FACULTAD DE CIENCIAS ECONOMICAS Y ADMINISTRATIVAS,EVALUACIONES DE PROFESORES PERIODO 1601,19,PONTIFICIA UNIVERSIDAD JAVERIANA,VICERRECTORIA ACADEMICA,FACULTAD DE CIENCIAS ECONOMICAS Y ADMINISTRATIVAS,CARRERA DE ADMINISTRACION DE EMPRESAS,CARPETA,ARCHIVO HISTORICO,,,CONSERVACION TOTAL,,,PENDIENTE,MAESTDPVRACFACCEAPRECAE2018
,VRAC-FAC-CEA-DF,BOG,,CORRESPONDENCIA,15,CONSECUTIVO DE CARTAS,15.7,CONSECUTIVOS 0101 A 0150 DE 2017,CERRADO,15/05/2017,ARCHIVO HISTORICO,1,176,,25/04/2017,15/05/2017,,,DC,,,RO,,,,,329,5078,,,CJ329-CP5078,DECANATURA FACULTAD DE CIENCIAS ECONOMICAS Y ADMINISTRATIVAS ,"CARTAS
RESPUESTA
EXCUSAS
ANTICIPOS
ACTAS
PRESENTACIONES",81,PONTIFICIA UNIVERSIDAD JAVERIANA,VICERRECTORIA ADMINISTRATIVA,FACULTAD DE CIENCIAS ECONOMICAS Y ADMINISTRATIVAS,DECANATURA,CARPETA,ARCHIVO HISTORICO,"CODIGO SERIE/ SUBSERIE 15,7",,CONSERVACION TOTAL,,,PENDIENTE,MAESTDPVRACFACCEADF2023
,VRAC-FAC-CEA-DF,BOG,,CORRESPONDENCIA,15,CONSECUTIVO DE CARTAS,15.7,CONSECUTIVOS 0101 A 0150 DE 2018,CERRADO,15/05/2018,ARCHIVO HISTORICO,1,216,,12/04/2018,15/05/2018,,,DC,,,RO,,,,,330,5093,,,CJ330-CP5093,DECANATURA FACULTAD DE CIENCIAS ECONOMICAS Y ADMINISTRATIVAS ,"CARTAS
PROCESOS DISCIPLINARIOS
PROYECTOS DE INVESTIGACION
EXCUSAS",96,PONTIFICIA UNIVERSIDAD JAVERIANA,VICERRECTORIA ADMINISTRATIVA,FACULTAD DE CIENCIAS ECONOMICAS Y ADMINISTRATIVAS,DECANATURA,CARPETA,ARCHIVO HISTORICO,"CODIGO SERIE/ SUBSERIE 15,7",,CONSERVACION TOTAL,,,PENDIENTE,MAESTDPVRACFACCEADF2023
,VRAC-FAC-CEA-DEP-DAD,BOG,,PROYECTOS,,PROYECTOS DE INVESTIGACION INTERNOS ,,CORRESPONDENCIA Y DOCUMENTACION DE PROYECTOS,CERRADO,15/07/2015,ARCHIVO HISTORICO,1,148,,08/11/2011,15/07/2015,,,DC,,,RO,20,B,5,7,23,839,,,B20-LB-ES5-EN7-CJ23-CP839,DEPARTAMENTO DE ADMINISTRACION,"CARTAS
ACUERDOS
INFORMES",14,PONTIFICIA UNIVERSIDAD JAVERIANA,VICERRECTORIA ACADEMICA,FACULTAD DE CIENCIAS ECONOMICAS Y ADMINISTRATIVAS,DEPARTAMENTO DE ADMINISTRACION,CARPETA,ARCHIVO HISTORICO,,,CONSERVACION TOTAL,,,PENDIENTE,MAESTDPVRACFACCEADEPDAD2019
,VRAC-FAC-CEA-DF,BOG,,CORRESPONDENCIA,15,CONSECUTIVO DE CARTAS,15.7,CONSECUTIVOS 0451 A 0500 DE 2016,CERRADO,15/11/2016,ARCHIVO HISTORICO,1,183,,13/10/2016,15/11/2016,,,DC,,,RO,,,,,328,5073,,,CJ328-CP5073,DECANATURA FACULTAD DE CIENCIAS ECONOMICAS Y ADMINISTRATIVAS ,"CARTAS
EXCUSAS
PRESENTACIONES
ANTICIPOS
PROCESOS DISCPLINARIOS
RESPUESTAS",76,PONTIFICIA UNIVERSIDAD JAVERIANA,VICERRECTORIA ADMINISTRATIVA,FACULTAD DE CIENCIAS ECONOMICAS Y ADMINISTRATIVAS,DECANATURA,CARPETA,ARCHIVO HISTORICO,"CODIGO SERIE/ SUBSERIE 15,7",,CONSERVACION TOTAL,,,PENDIENTE,MAESTDPVRACFACCEADF2023
,VRAC-FAC-CEA-DF,BOG,,CORRESPONDENCIA,15,CONSECUTIVO DE CARTAS,15.7,CONSECUTIVOS 0451 A 0483 DE 2017,CERRADO,15/12/2017,ARCHIVO HISTORICO,1,210,,07/12/2017,15/12/2017,,,DC,,,RO,,,,,329,5090,,,CJ329-CP5090,DECANATURA FACULTAD DE CIENCIAS ECONOMICAS Y ADMINISTRATIVAS ,"CARTAS
PROCESOS DISCIPLINARIOS
INVITACIONES",93,PONTIFICIA UNIVERSIDAD JAVERIANA,VICERRECTORIA ADMINISTRATIVA,FACULTAD DE CIENCIAS ECONOMICAS Y ADMINISTRATIVAS,DECANATURA,CARPETA,ARCHIVO HISTORICO,"CODIGO SERIE/ SUBSERIE 15,7",,CONSERVACION TOTAL,,,PENDIENTE,MAESTDPVRACFACCEADF2023
,VRAC-FAC-CEA-DF,BOG,,CORRESPONDENCIA,,CONSECUTIVO DE CARTAS,15.7,CONSECUTIVOS 1151 A 1200 DE 2013 (1/2),CERRADO,16/05/2013,ARCHIVO HISTORICO,1,44,,22/03/2013,16/05/2013,,,DC,,,RO,,,,,324,5015,,,CJ324-CP5015,DECANATURA FACULTAD DE CIENCIAS ECONOMICAS Y ADMINISTRATIVAS ,"PROCESOS DISCIPLINARIOS
NEGACION DE RETIROS
ACTAS
CARTAS",18,PONTIFICIA UNIVERSIDAD JAVERIANA,VICERRECTORIA ADMINISTRATIVA,FACULTAD DE CIENCIAS ECONOMICAS Y ADMINISTRATIVAS,DECANATURA,CARPETA,ARCHIVO HISTORICO,"CODIGO SERIE/ SUBSERIE 15,7",,CONSERVACION TOTAL,,,PENDIENTE,MAESTDPVRACFACCEADF2023
,VRAC-FAC-CEA-DF,BOG,,CORRESPONDENCIA,,CONSECUTIVO DE CARTAS,15.7,CONSECUTIVOS 1151 A 1200 DE 2013 (2/2),CERRADO,16/05/2013,ARCHIVO HISTORICO,1,198,,22/03/2013,16/05/2013,,,DC,,,RO,,,,,325,5016,,,CJ325-CP5016,DECANATURA FACULTAD DE CIENCIAS ECONOMICAS Y ADMINISTRATIVAS ,"CARTAS
PROCESOS DISCIPLINARIOS
REGISTROS
RENUNCIAS",19,PONTIFICIA UNIVERSIDAD JAVERIANA,VICERRECTORIA ADMINISTRATIVA,FACULTAD DE CIENCIAS ECONOMICAS Y ADMINISTRATIVAS,DECANATURA,CARPETA,ARCHIVO HISTORICO,"CODIGO SERIE/ SUBSERIE 15,7",,CONSERVACION TOTAL,,,PENDIENTE,MAESTDPVRACFACCEADF2023
,VRAC-FAC-CEA-DF,BOG,,CORRESPONDENCIA,15,CONSECUTIVO DE CARTAS,15.7,CONSECUTIVOS 0151 A 0200 DE 2016,CERRADO,16/05/2016,ARCHIVO HISTORICO,1,155,,25/04/2016,16/05/2016,,,DC,,,RO,,,,,328,5063,,,CJ328-CP5063,DECANATURA FACULTAD DE CIENCIAS ECONOMICAS Y ADMINISTRATIVAS ,"CARTAS
EXCUSAS
RESERVAS DE CUPO
PRESENTACIONES
PROCESOS DISCIPLINARIOS
APOYOS ECONOMICOS",66,PONTIFICIA UNIVERSIDAD JAVERIANA,VICERRECTORIA ADMINISTRATIVA,FACULTAD DE CIENCIAS ECONOMICAS Y ADMINISTRATIVAS,DECANATURA,CARPETA,ARCHIVO HISTORICO,"CODIGO SERIE/ SUBSERIE 15,7",,CONSERVACION TOTAL,,,PENDIENTE,MAESTDPVRACFACCEADF2023
,VRAC-FAC-CEA-DF,BOG,,CORRESPONDENCIA,,CONSECUTIVO DE CARTAS,15.7,CONSECUTIVOS 0201 A 250 DE 2015 (1/2),CERRADO,16/06/2015,ARCHIVO HISTORICO,1,198,,25/05/2015,16/06/2015,,,DC,,,RO,,,,,327,5047,,,CJ327-CP5047,DECANATURA FACULTAD DE CIENCIAS ECONOMICAS Y ADMINISTRATIVAS ,"CARTAS
EXCUSAS
RETIROS DE ASIGNATURAS
MATRICULAS EXTRAORDINARIAS",50,PONTIFICIA UNIVERSIDAD JAVERIANA,VICERRECTORIA ADMINISTRATIVA,FACULTAD DE CIENCIAS ECONOMICAS Y ADMINISTRATIVAS,DECANATURA,CARPETA,ARCHIVO HISTORICO,"CODIGO SERIE/ SUBSERIE 15,7",,CONSERVACION TOTAL,,,PENDIENTE,MAESTDPVRACFACCEADF2023
,VRAC-FAC-CEA-DF,BOG,,CORRESPONDENCIA,,CONSECUTIVO DE CARTAS,15.7,CONSECUTIVOS 0201 A 250 DE 2015 (2/2),CERRADO,16/06/2015,ARCHIVO HISTORICO,1,186,,25/05/2015,16/06/2015,,,DC,,,RO,,,,,327,5048,,,CJ327-CP5048,DECANATURA FACULTAD DE CIENCIAS ECONOMICAS Y ADMINISTRATIVAS ,"CARTAS
EXCUSAS
RETIROS DE ASIGNATURAS
MATRICULAS EXTRAORDINARIAS",51,PONTIFICIA UNIVERSIDAD JAVERIANA,VICERRECTORIA ADMINISTRATIVA,FACULTAD DE CIENCIAS ECONOMICAS Y ADMINISTRATIVAS,DECANATURA,CARPETA,ARCHIVO HISTORICO,"CODIGO SERIE/ SUBSERIE 15,7",,CONSERVACION TOTAL,,,PENDIENTE,MAESTDPVRACFACCEADF2023
,VRAC-FAC-CEA-DF,BOG,,CORRESPONDENCIA,15,CONSECUTIVO DE CARTAS,15.7,CONSECUTIVOS 0201 A 0231 DE 2016,CERRADO,16/06/2016,ARCHIVO HISTORICO,1,192,,20/05/2016,16/06/2016,,,DC,,,RO,,,,,328,5064,,,CJ328-CP5064,DECANATURA FACULTAD DE CIENCIAS ECONOMICAS Y ADMINISTRATIVAS ,"CARTAS
APOYOS ECONOMICOS
RESERVAS
REINTEGROS
EXCUSAS
INVITACIONES",67,PONTIFICIA UNIVERSIDAD JAVERIANA,VICERRECTORIA ADMINISTRATIVA,FACULTAD DE CIENCIAS ECONOMICAS Y ADMINISTRATIVAS,DECANATURA,CARPETA,ARCHIVO HISTORICO,"CODIGO SERIE/ SUBSERIE 15,7",,CONSERVACION TOTAL,,,PENDIENTE,MAESTDPVRACFACCEADF2023
,VRAC-FAC-CEA-DF,BOG,,CORRESPONDENCIA,15,CONSECUTIVO DE CARTAS,15.7,CONSECUTIVOS 0201 A 0250 DE 2019 (1/2),CERRADO,16/07/2019,ARCHIVO HISTORICO,1,33,,07/06/2019,16/07/2019,,,DC,,,RO,,,,,331,5110,,,CJ331-CP5110,DECANATURA FACULTAD DE CIENCIAS ECONOMICAS Y ADMINISTRATIVAS ,"CARTAS
PROCESOS DISCIPLINARIOS
MATRICULAS EXTRAORDINARIAS",113,PONTIFICIA UNIVERSIDAD JAVERIANA,VICERRECTORIA ADMINISTRATIVA,FACULTAD DE CIENCIAS ECONOMICAS Y ADMINISTRATIVAS,DECANATURA,CARPETA,ARCHIVO HISTORICO,"CODIGO SERIE/ SUBSERIE 15,7",,CONSERVACION TOTAL,,,PENDIENTE,MAESTDPVRACFACCEADF2023
,VRAC-FAC-CEA-DF,BOG,,CORRESPONDENCIA,15,CONSECUTIVO DE CARTAS,15.7,CONSECUTIVOS 0201 A 0250 DE 2019 (2/2),CERRADO,16/07/2019,ARCHIVO HISTORICO,1,201,,07/06/2019,16/07/2019,,,DC,,,RO,,,,,331,5111,,,CJ331-CP5111,DECANATURA FACULTAD DE CIENCIAS ECONOMICAS Y ADMINISTRATIVAS ,"CARTAS
PROCESOS DISCIPLINARIOS
MATRICULAS EXTRAORDINARIAS",114,PONTIFICIA UNIVERSIDAD JAVERIANA,VICERRECTORIA ADMINISTRATIVA,FACULTAD DE CIENCIAS ECONOMICAS Y ADMINISTRATIVAS,DECANATURA,CARPETA,ARCHIVO HISTORICO,"CODIGO SERIE/ SUBSERIE 15,7",,CONSERVACION TOTAL,,,PENDIENTE,MAESTDPVRACFACCEADF2023
,VRAC-FAC-CEA-DF,BOG,,CORRESPONDENCIA,,CONSECUTIVO DE CARTAS,15.7,CONSECUTIVOS 0451 A 0500 DE 2015,CERRADO,16/10/2015,ARCHIVO HISTORICO,1,191,,21/09/2015,16/10/2015,,,DC,,,RO,,,,,327,5054,,,CJ327-CP5054,DECANATURA FACULTAD DE CIENCIAS ECONOMICAS Y ADMINISTRATIVAS ,"CARTAS
EXCUSAS
MATRICULAS EXTRAORDINARIAS
SOLICITUDES
AUTORIZACIONES",57,PONTIFICIA UNIVERSIDAD JAVERIANA,VICERRECTORIA ADMINISTRATIVA,FACULTAD DE CIENCIAS ECONOMICAS Y ADMINISTRATIVAS,DECANATURA,CARPETA,ARCHIVO HISTORICO,"CODIGO SERIE/ SUBSERIE 15,7",,CONSERVACION TOTAL,,,PENDIENTE,MAESTDPVRACFACCEADF2023
,VRAC-FAC-CEA-DF,BOG,,MEDIO UNIVERSITARIO,54,BIENESTAR,54.15,ASUNTOS ESTUDIANTILES POSGRADO (1/2),CERRADO,16/12/2014,ARCHIVO HISTORICO,1,53,,18/12/2013,16/12/2014,,,DC,,,RO,,,,,332,5127,,,CJ332-CP5127,DECANATURA FACULTAD DE CIENCIAS ECONOMICAS Y ADMINISTRATIVAS ,"CARTAS
MATRICULA EXTRAORDINARIA",130,PONTIFICIA UNIVERSIDAD JAVERIANA,VICERRECTORIA ADMINISTRATIVA,FACULTAD DE CIENCIAS ECONOMICAS Y ADMINISTRATIVAS,DECANATURA,CARPETA,ARCHIVO HISTORICO,"CODIGO SERIE/ SUBSERIE 54,15",,CONSERVACION TOTAL,,,PENDIENTE,MAESTDPVRACFACCEADF2023
,VRAC-FAC-CEA-DF,BOG,,MEDIO UNIVERSITARIO,54,BIENESTAR,54.15,ASUNTOS ESTUDIANTILES POSGRADO (2/2),CERRADO,16/12/2014,ARCHIVO HISTORICO,1,200,,18/12/2013,16/12/2014,,,DC,,,RO,,,,,332,5128,,,CJ332-CP5128,DECANATURA FACULTAD DE CIENCIAS ECONOMICAS Y ADMINISTRATIVAS ,CARTAS,131,PONTIFICIA UNIVERSIDAD JAVERIANA,VICERRECTORIA ADMINISTRATIVA,FACULTAD DE CIENCIAS ECONOMICAS Y ADMINISTRATIVAS,DECANATURA,CARPETA,ARCHIVO HISTORICO,"CODIGO SERIE/ SUBSERIE 54,15",,CONSERVACION TOTAL,,,PENDIENTE,MAESTDPVRACFACCEADF2023
,VRAC-FAC-CEA-DEP-DAD,BOG,,ACTAS ,,ACTAS DEL COMITE DEL DEPARTAMENTO ,,ACTAS DE COMITE,CERRADO,16/12/2015,ARCHIVO HISTORICO,1,121,,26/02/2013,16/12/2015,,,DC,,,RO,20,B,5,7,22,826,,,B20-LB-ES5-EN7-CJ22-CP826,DEPARTAMENTO DE ADMINISTRACION,ACTAS,1,PONTIFICIA UNIVERSIDAD JAVERIANA,VICERRECTORIA ACADEMICA,FACULTAD DE CIENCIAS ECONOMICAS Y ADMINISTRATIVAS,DEPARTAMENTO DE ADMINISTRACION,CARPETA,ARCHIVO HISTORICO,,,CONSERVACION TOTAL,,,PENDIENTE,MAESTDPVRACFACCEADEPDAD2019
,VRAC-FAC-CEA-DF,BOG,,CORRESPONDENCIA,15,CONSECUTIVO DE CARTAS,15.7,CONSECUTIVOS 0051 A 0100 DE 2018,CERRADO,17/04/2018,ARCHIVO HISTORICO,1,210,,13/02/2018,17/04/2018,,,DC,,,RO,,,,,330,5092,,,CJ330-CP5092,DECANATURA FACULTAD DE CIENCIAS ECONOMICAS Y ADMINISTRATIVAS ,"CARTAS
MATRICULAS EXTRAORDINARIAS
EXCUSAS
PROCESOS DISCIPLINARIOS",95,PONTIFICIA UNIVERSIDAD JAVERIANA,VICERRECTORIA ADMINISTRATIVA,FACULTAD DE CIENCIAS ECONOMICAS Y ADMINISTRATIVAS,DECANATURA,CARPETA,ARCHIVO HISTORICO,"CODIGO SERIE/ SUBSERIE 15,7",,CONSERVACION TOTAL,,,PENDIENTE,MAESTDPVRACFACCEADF2023
,VRAC-FAC-CEA-DF,BOG,,CORRESPONDENCIA,15,CONSECUTIVO DE CARTAS,15.7,CONSECUTIVOS 0270 A 0300 DE 2017,CERRADO,17/08/2017,ARCHIVO HISTORICO,1,120,,01/08/2017,17/08/2017,,,DC,,,RO,,,,,329,5084,,,CJ329-CP5084,DECANATURA FACULTAD DE CIENCIAS ECONOMICAS Y ADMINISTRATIVAS ,"CARTAS
MATRICULAS EXTRAORDINARIAS
EXCUSAS
INSCRIPCIONES DE ASIGNATURAS",87,PONTIFICIA UNIVERSIDAD JAVERIANA,VICERRECTORIA ADMINISTRATIVA,FACULTAD DE CIENCIAS ECONOMICAS Y ADMINISTRATIVAS,DECANATURA,CARPETA,ARCHIVO HISTORICO,"CODIGO SERIE/ SUBSERIE 15,7",,CONSERVACION TOTAL,,,PENDIENTE,MAESTDPVRACFACCEADF2023
,VRAC-FAC-CEA-DEP-DAD,BOG,,ACTAS ,,ACTAS DEL COMITE DE INVESTIGACION,,ACTAS,CERRADO,17/10/2013,ARCHIVO HISTORICO,1,201,,10/11/2011,17/10/2013,,,DC,,,RO,20,B,5,7,22,831,,,B20-LB-ES5-EN7-CJ22-CP831,DEPARTAMENTO DE ADMINISTRACION,ACTAS,6,PONTIFICIA UNIVERSIDAD JAVERIANA,PONTIFICIA UNIVERSIDAD JAVERIANA,PONTIFICIA UNIVERSIDAD JAVERIANA,PONTIFICIA UNIVERSIDAD JAVERIANA,CARPETA,ARCHIVO HISTORICO,,,CONSERVACION TOTAL,,,PENDIENTE,MAESTDPVRACFACCEADEPDAD2019
,VRAC-FAC-CEA-DF,BOG,,CORRESPONDENCIA,,CONSECUTIVO DE CARTAS,15.7,CONSECUTIVOS 0501 A 0550 DE 2015 (1/2),CERRADO,17/11/2015,ARCHIVO HISTORICO,1,30,,16/10/2015,17/11/2015,,,DC,,,RO,,,,,327,5055,,,CJ327-CP5055,DECANATURA FACULTAD DE CIENCIAS ECONOMICAS Y ADMINISTRATIVAS ,"CARTAS
RETIROS DE ASIGNATURAS
EXCUSAS
RETIROS DE SEMESTRE
PROPUESTAS",58,PONTIFICIA UNIVERSIDAD JAVERIANA,VICERRECTORIA ADMINISTRATIVA,FACULTAD DE CIENCIAS ECONOMICAS Y ADMINISTRATIVAS,DECANATURA,CARPETA,ARCHIVO HISTORICO,"CODIGO SERIE/ SUBSERIE 15,7",,CONSERVACION TOTAL,,,PENDIENTE,MAESTDPVRACFACCEADF2023
,VRAC-FAC-CEA-DF,BOG,,CORRESPONDENCIA,,CONSECUTIVO DE CARTAS,15.7,CONSECUTIVOS 0501 A 0550 DE 2015 (2/2),CERRADO,17/11/2015,ARCHIVO HISTORICO,1,192,,16/10/2015,17/11/2015,,,DC,,,RO,,,,,327,5056,,,CJ327-CP5056,DECANATURA FACULTAD DE CIENCIAS ECONOMICAS Y ADMINISTRATIVAS ,"CARTAS
INVITACIONES
MEMORANDOS
SOLICITUDES",59,PONTIFICIA UNIVERSIDAD JAVERIANA,VICERRECTORIA ADMINISTRATIVA,FACULTAD DE CIENCIAS ECONOMICAS Y ADMINISTRATIVAS,DECANATURA,CARPETA,ARCHIVO HISTORICO,"CODIGO SERIE/ SUBSERIE 15,7",,CONSERVACION TOTAL,,,PENDIENTE,MAESTDPVRACFACCEADF2023
,VRAC-FAC-CEA-DF,BOG,,CORRESPONDENCIA,,CONSECUTIVO DE CARTAS,15.7,CONSECUTIVOS 3701 A 3723 DE 2013 DA,CERRADO,17/12/2013,ARCHIVO HISTORICO,1,37,,03/12/2013,17/12/2013,,,DC,,,RO,,,,,325,5027,,,CJ325-CP5027,DECANATURA FACULTAD DE CIENCIAS ECONOMICAS Y ADMINISTRATIVAS ,"CARTAS
TERMINOS
NOTIFICACIONES DE ACTAS
RESERVAS DE CUPOS
INFORMES",30,PONTIFICIA UNIVERSIDAD JAVERIANA,VICERRECTORIA ADMINISTRATIVA,FACULTAD DE CIENCIAS ECONOMICAS Y ADMINISTRATIVAS,DECANATURA,CARPETA,ARCHIVO HISTORICO,"CODIGO SERIE/ SUBSERIE 15,7",,CONSERVACION TOTAL,,,PENDIENTE,MAESTDPVRACFACCEADF2023
,VRAC-FAC-CEA-DF,BOG,,MEDIO UNIVERSITARIO,54,BIENESTAR,54.15,ASUNTOS ESTUDIANTILES CARRERA CONTADURIA PUBLICA 2013 A 2014,CERRADO,17/12/2014,ARCHIVO HISTORICO,1,133,,22/11/2013,17/12/2014,,,DC,,,RO,,,,,332,5118,,,CJ332-CP5118,DECANATURA FACULTAD DE CIENCIAS ECONOMICAS Y ADMINISTRATIVAS ,"CORREOS ELECTRONICOS
CARTAS",121,PONTIFICIA UNIVERSIDAD JAVERIANA,VICERRECTORIA ADMINISTRATIVA,FACULTAD DE CIENCIAS ECONOMICAS Y ADMINISTRATIVAS,DECANATURA,CARPETA,ARCHIVO HISTORICO,"CODIGO SERIE/ SUBSERIE 54,15",,CONSERVACION TOTAL,,,PENDIENTE,MAESTDPVRACFACCEADF2023
,VRAC-FAC-CEA-DF,BOG,,MEDIO UNIVERSITARIO,54,BIENESTAR,54.15,ASUNTOS ESTUDIANTILES CARRERA ECONOMIA 2013 A 2014,CERRADO,17/12/2014,ARCHIVO HISTORICO,1,166,,17/12/2013,17/12/2014,,,DC,,,RO,,,,,332,5120,,,CJ332-CP5120,DECANATURA FACULTAD DE CIENCIAS ECONOMICAS Y ADMINISTRATIVAS ,"CORREOS ELECTRONICOS
CARTAS",123,PONTIFICIA UNIVERSIDAD JAVERIANA,VICERRECTORIA ADMINISTRATIVA,FACULTAD DE CIENCIAS ECONOMICAS Y ADMINISTRATIVAS,DECANATURA,CARPETA,ARCHIVO HISTORICO,"CODIGO SERIE/ SUBSERIE 54,15",,CONSERVACION TOTAL,,,PENDIENTE,MAESTDPVRACFACCEADF2023
,VRAC-FAC-CEA-DEP-DAD,BOG,,ASOCIACIONES ,,ASOCIACIONES DE FACULTADES DISCIPLINARES O PROFESIONALES ,,ASOCIACION AMV,CERRADO,18/03/2016,ARCHIVO HISTORICO,1,7,,11/03/2016,18/03/2016,,,DC,,,RO,20,B,5,7,22,836,,,B20-LB-ES5-EN7-CJ22-CP836,DEPARTAMENTO DE ADMINISTRACION,"CARTAS
ACUERDO",11,PONTIFICIA UNIVERSIDAD JAVERIANA,VICERRECTORIA ACADEMICA,FACULTAD DE CIENCIAS ECONOMICAS Y ADMINISTRATIVAS,DEPARTAMENTO DE ADMINISTRACION,CARPETA,ARCHIVO HISTORICO,,,CONSERVACION TOTAL,,,PENDIENTE,MAESTDPVRACFACCEADEPDAD2019
,VRAC-FAC-CEA-PRE-CAE,BOG,,ACREDITACION,,ACREDITACION DE PROGRAMAS ACADEMICOS,,"EVALUACIONES DE PROFESORES PERIODO 1610
2/4",CERRADO,18/05/2006,ARCHIVO HISTORICO,1,,,09/05/2006,18/05/2006,,,DC,,,RO,16,B,3,6,8,723,,,B16-LB-ES3-EN6-CJ8-CP723,FACULTAD DE CIENCIAS ECONOMICAS Y ADMINISTRATIVAS,EVALUACIONES DE PROFESORES PERIODO 1601,20,PONTIFICIA UNIVERSIDAD JAVERIANA,VICERRECTORIA ACADEMICA,FACULTAD DE CIENCIAS ECONOMICAS Y ADMINISTRATIVAS,CARRERA DE ADMINISTRACION DE EMPRESAS,CARPETA,ARCHIVO HISTORICO,,,CONSERVACION TOTAL,,,PENDIENTE,MAESTDPVRACFACCEAPRECAE2018
,VRAC-FAC-CEA-DF,BOG,,CORRESPONDENCIA,15,CONSECUTIVO DE CARTAS,15.7,CONSECUTIVOS 0186 A 0200 DE 2018,CERRADO,18/06/2018,ARCHIVO HISTORICO,1,145,,14/06/2018,18/06/2018,,,DC,,,RO,,,,,330,5095,,,CJ330-CP5095,DECANATURA FACULTAD DE CIENCIAS ECONOMICAS Y ADMINISTRATIVAS ,"CARTAS
PROCESOS DISCIPLINARIOS
EXCUSAS
PROYECTOS DE INVESTIGACION",98,PONTIFICIA UNIVERSIDAD JAVERIANA,VICERRECTORIA ADMINISTRATIVA,FACULTAD DE CIENCIAS ECONOMICAS Y ADMINISTRATIVAS,DECANATURA,CARPETA,ARCHIVO HISTORICO,"CODIGO SERIE/ SUBSERIE 15,7",,CONSERVACION TOTAL,,,PENDIENTE,MAESTDPVRACFACCEADF2023
,VRAC-FAC-CEA-PRE-CAE,BOG,,ACREDITACION,,ACREDITACION DE PROGRAMAS ACADEMICOS,,HOJAS DE VIDA DE PROFESORES,CERRADO,18/08/2003,ARCHIVO HISTORICO,1,,,14/08/2003,18/08/2003,,,DC,,,RO,16,B,3,7,12,757,,,B16-LB-ES3-EN7-CJ12-CP757,,OTROS DEPARTAMENTOS,54,PONTIFICIA UNIVERSIDAD JAVERIANA,VICERRECTORIA ACADEMICA,FACULTAD DE CIENCIAS ECONOMICAS Y ADMINISTRATIVAS,CARRERA DE ADMINISTRACION DE EMPRESAS,CARPETA,ARCHIVO HISTORICO,,,CONSERVACION TOTAL,,,PENDIENTE,MAESTDPVRACFACCEAPRECAE2018
,VRAC-FAC-CEA-PRE-CEC,BOG,,PROGRAMAS ACADEMICOS,,,,REFLEXION CURRICULAR (1/2),CERRADO,18/09/2002,ARCHIVO HISTORICO,1,,,30/07/2002,18/09/2002,,1,DC,,,RO,21,A,2,3,24,850,,,B21-LA-ES2-EN3-CJ24-CP850,FACULTAD DE CIENCIAS ECONOMICAS Y ADMINISTRATIVAS,INFORMES ACREDITACION,1,PONTIFICIA UNIVERSIDAD JAVERIANA,VICERRECTORIA ACADEMICA,FACULTAD DE CIENCIAS ECONOMICAS Y ADMINISTRATIVAS,CARRERA DE ECONOMIA,CARPETA,ARCHIVO HISTORICO,AZ EN ESTADO NATURAL SE PASO A CARPETA ,,CONSERVACION TOTAL,,,PENDIENTE,MAESTDPVRACFACCEAPRECEC2022
,VRAC-FAC-CEA-PRE-CEC,BOG,,PROGRAMAS ACADEMICOS,,,,REFLEXION CURRICULAR (2/2),CERRADO,18/09/2002,ARCHIVO HISTORICO,1,,,30/07/2002,18/09/2002,,,DC,,,RO,21,A,2,3,24,851,,,B21-LA-ES2-EN3-CJ24-CP851,FACULTAD DE CIENCIAS ECONOMICAS Y ADMINISTRATIVAS,INFORMES ACREDITACION,2,PONTIFICIA UNIVERSIDAD JAVERIANA,VICERRECTORIA ACADEMICA,FACULTAD DE CIENCIAS ECONOMICAS Y ADMINISTRATIVAS,CARRERA DE ECONOMIA,CARPETA,ARCHIVO HISTORICO,AZ EN ESTADO NATURAL SE PASO A CARPETA ,,CONSERVACION TOTAL,,,PENDIENTE,MAESTDPVRACFACCEAPRECEC2022
,VRAC-FAC-CEA-DF,BOG,,REDES DE COOPERACION,,,,COMUNICACIONES PARA MANTENER Y PROMOVER RELACIONES DE COOPERACION 2011 A 2014,CERRADO,18/11/2014,ARCHIVO HISTORICO,1,207,,23/02/2011,18/11/2014,,,DC,,,RO,,,,,324,5006,,,CJ324-CP5006,DECANATURA FACULTAD DE CIENCIAS ECONOMICAS Y ADMINISTRATIVAS ,"CARTAS
PARTICIPACIONES DE CONCURSOS ",9,PONTIFICIA UNIVERSIDAD JAVERIANA,VICERRECTORIA ADMINISTRATIVA,FACULTAD DE CIENCIAS ECONOMICAS Y ADMINISTRATIVAS,DECANATURA,CARPETA,ARCHIVO HISTORICO,INCLUYE UN CD,,CONSERVACION TOTAL,,,PENDIENTE,MAESTDPVRACFACCEADF2023
,VRAC-FAC-CEA-DEP-DAD,BOG,,ACTAS ,,ACTAS DEL COMITE DEL DEPARTAMENTO,,ACTAS REFORMA CURRICULAR ,CERRADO,18/11/2016,ARCHIVO HISTORICO,1,30,,28/03/2016,18/11/2016,,,DC,,,RO,20,B,5,7,22,829,,,B20-LB-ES5-EN7-CJ22-CP829,DEPARTAMENTO DE ADMINISTRACION,ACTAS,4,PONTIFICIA UNIVERSIDAD JAVERIANA,PONTIFICIA UNIVERSIDAD JAVERIANA,PONTIFICIA UNIVERSIDAD JAVERIANA,PONTIFICIA UNIVERSIDAD JAVERIANA,CARPETA,ARCHIVO HISTORICO,,,CONSERVACION TOTAL,,,PENDIENTE,MAESTDPVRACFACCEADEPDAD2019
,VRAC-FAC-CEA-DEP-DAD,BOG,,EVENTOS ,,EVENTOS INSTITUCIONALES,,CORRESPONDENCIA,CERRADO,18/12/2013,ARCHIVO HISTORICO,1,156,,29/06/2012,18/12/2013,,,DC,,,RO,21,A,2,4,26,870,,,B21-LA-ES2-EN4-CJ26-CP870,DEPARTAMENTO DE ADMINISTRACION,"INFORME
PRESUPUESTO
ASISTENTES",2,PONTIFICIA UNIVERSIDAD JAVERIANA,VICERRECTORIA ACADEMICA,FACULTAD DE CIENCIAS ECONOMICAS Y ADMINISTRATIVAS,DEPARTAMENTO DE ADMINISTRACION,CARPETA,ARCHIVO HISTORICO,,,CONSERVACION TOTAL,,,PENDIENTE,MAESTDPVRACFACCEADEPDAD2023
,VRAC-FAC-CEA-DF,BOG,,MEDIO UNIVERSITARIO,54,BIENESTAR,54.15,ASUNTOS ESTUDIANTILES CARRERA ADMINISTRACION DE EMPRESAS (1/2),CERRADO,18/12/2014,ARCHIVO HISTORICO,1,199,,29/10/2013,18/12/2014,,,DC,,,RO,,,,,332,5122,,,CJ332-CP5122,DECANATURA FACULTAD DE CIENCIAS ECONOMICAS Y ADMINISTRATIVAS ,"CARTAS
GRADOS PRIVADOS ",125,PONTIFICIA UNIVERSIDAD JAVERIANA,VICERRECTORIA ADMINISTRATIVA,FACULTAD DE CIENCIAS ECONOMICAS Y ADMINISTRATIVAS,DECANATURA,CARPETA,ARCHIVO HISTORICO,"CODIGO SERIE/ SUBSERIE 54,15",,CONSERVACION TOTAL,,,PENDIENTE,MAESTDPVRACFACCEADF2023
,VRAC-FAC-CEA-DF,BOG,,MEDIO UNIVERSITARIO,,BIENESTAR,,ASUNTOS ESTUDIANTILES CARRERA ADMINISTRACION DE EMPRESAS  (2/2),CERRADO,18/12/2014,ARCHIVO HISTORICO,1,152,,27/10/2013,18/12/2014,,,DC,,,RO,,,,,332,5123,,,CJ332-CP5123,DECANATURA FACULTAD DE CIENCIAS ECONOMICAS Y ADMINISTRATIVAS ,CARTAS,126,PONTIFICIA UNIVERSIDAD JAVERIANA,VICERRECTORIA ADMINISTRATIVA,FACULTAD DE CIENCIAS ECONOMICAS Y ADMINISTRATIVAS,DECANATURA,CARPETA,ARCHIVO HISTORICO,INCLUYE UN CD,,CONSERVACION TOTAL,,,PENDIENTE,MAESTDPVRACFACCEADF2023
,VRAC-FAC-CEA-DF,BOG,,CORRESPONDENCIA,,CONSECUTIVO DE CARTAS,15.7,CONSECUTIVOS 0551 A 0600 DE 2015 (1/2),CERRADO,18/12/2015,ARCHIVO HISTORICO,1,27,,17/11/2015,18/12/2015,,,DC,,,RO,,,,,327,5057,,,CJ327-CP5057,DECANATURA FACULTAD DE CIENCIAS ECONOMICAS Y ADMINISTRATIVAS ,"CARTAS
RETIROS DE ASIGNATURAS
ACTAS
APOYOS FINANCIEROS
CERTIFCACIONES
EXCUSAS
PROCESOS DISCIPLINARIOS",60,PONTIFICIA UNIVERSIDAD JAVERIANA,VICERRECTORIA ADMINISTRATIVA,FACULTAD DE CIENCIAS ECONOMICAS Y ADMINISTRATIVAS,DECANATURA,CARPETA,ARCHIVO HISTORICO,"CODIGO SERIE/ SUBSERIE 15,7",,CONSERVACION TOTAL,,,PENDIENTE,MAESTDPVRACFACCEADF2023
,VRAC-FAC-CEA-DF,BOG,,CORRESPONDENCIA,,CONSECUTIVO DE CARTAS,15.7,CONSECUTIVOS 0551 A 0600 DE 2015 (2/2),CERRADO,18/12/2015,ARCHIVO HISTORICO,1,198,,17/11/2015,18/12/2015,,,DC,,,RO,,,,,327,5058,,,CJ327-CP5058,DECANATURA FACULTAD DE CIENCIAS ECONOMICAS Y ADMINISTRATIVAS ,"CARTAS
PROCESOS DISCIPLINARIOS
ACTAS
INVITACIONES",61,PONTIFICIA UNIVERSIDAD JAVERIANA,VICERRECTORIA ADMINISTRATIVA,FACULTAD DE CIENCIAS ECONOMICAS Y ADMINISTRATIVAS,DECANATURA,CARPETA,ARCHIVO HISTORICO,"CODIGO SERIE/ SUBSERIE 15,7",,CONSERVACION TOTAL,,,PENDIENTE,MAESTDPVRACFACCEADF2023
,VRAC-FAC-CEA-DF,BOG,,MEDIO UNIVERSITARIO,54,BIENESTAR,54.15,ASUNTOS ESTUDIANTILES POSGRADO 2014 A 2015,CERRADO,18/12/2015,ARCHIVO HISTORICO,1,170,,19/12/2014,18/12/2015,,,DC,,,RO,,,,,332,5129,,,CJ332-CP5129,DECANATURA FACULTAD DE CIENCIAS ECONOMICAS Y ADMINISTRATIVAS ,"CARTAS
MATRICULA EXTRAORDINARIA",132,PONTIFICIA UNIVERSIDAD JAVERIANA,VICERRECTORIA ADMINISTRATIVA,FACULTAD DE CIENCIAS ECONOMICAS Y ADMINISTRATIVAS,DECANATURA,CARPETA,ARCHIVO HISTORICO,"CODIGO SERIE/ SUBSERIE 54,15",,CONSERVACION TOTAL,,,PENDIENTE,MAESTDPVRACFACCEADF2023
,VRAC-FAC-CEA-PRE-CEC,BOG,,INVENTARIOS,,INVENTARIO DE DOCUMENTOS Y ARCHIVO,,INVENTARIO DE DOCUMENTOS Y ARACHIVO,CERRADO,19/04/2016,ARCHIVO HISTORICO,1,201,,17/04/2011,19/04/2016,,,DC,,,RO,21,A,2,3,25,864,,,B21-LA-ES2-EN3-CJ25-CP864,FACULTAD DE CIENCIAS ECONOMICAS Y ADMINISTRATIVAS,"ACTAS DE ENTREGA DE ARCHIVO
INVENTARIOS DE ARCHIVO",15,PONTIFICIA UNIVERSIDAD JAVERIANA,VICERRECTORIA ACADEMICA,FACULTAD DE CIENCIAS ECONOMICAS Y ADMINISTRATIVAS,CARRERA DE ECONOMIA,CARPETA,ARCHIVO HISTORICO,,,CONSERVACION TOTAL,,,PENDIENTE,MAESTDPVRACFACCEAPRECEC2022
,VRAC-FAC-CEA-DF,BOG,,REDES DE COOPERACION,,,104,COMUNICACIONES PARA MANTENER Y PROMOVER RELACIONES DE COOPERACION 2014 A 2016,CERRADO,19/09/2016,ARCHIVO HISTORICO,1,146,,10/12/2014,19/09/2016,,,DC,,,RO,,,,,324,5007,,,CJ324-CP5007,DECANATURA FACULTAD DE CIENCIAS ECONOMICAS Y ADMINISTRATIVAS ,"PANFLETOS
DIPLOMAS
REVISTAS
CARTAS
PARCIPACION DE CONCURSOS",10,PONTIFICIA UNIVERSIDAD JAVERIANA,VICERRECTORIA ADMINISTRATIVA,FACULTAD DE CIENCIAS ECONOMICAS Y ADMINISTRATIVAS,DECANATURA,CARPETA,ARCHIVO HISTORICO,CODIGO SERIE/ SUBSERIE 104,,CONSERVACION TOTAL,,,PENDIENTE,MAESTDPVRACFACCEADF2023
,VRAC-FAC-CEA-DF,BOG,,CORRESPONDENCIA,15,CONSECUTIVO DE CARTAS,15.7,CONSECUTIVOS 0301 A 0350 DE 2018,CERRADO,19/10/2018,ARCHIVO HISTORICO,1,184,,07/09/2018,19/10/2018,,,DC,,,RO,,,,,330,5100,,,CJ330-CP5100,DECANATURA FACULTAD DE CIENCIAS ECONOMICAS Y ADMINISTRATIVAS ,"CARTAS
EXCUSAS
MATRICULAS EXTRAORDINARIAS
PROYECTOS",103,PONTIFICIA UNIVERSIDAD JAVERIANA,VICERRECTORIA ADMINISTRATIVA,FACULTAD DE CIENCIAS ECONOMICAS Y ADMINISTRATIVAS,DECANATURA,CARPETA,ARCHIVO HISTORICO,"CODIGO SERIE/ SUBSERIE 15,7",,CONSERVACION TOTAL,,,PENDIENTE,MAESTDPVRACFACCEADF2023
,VRAC-FAC-CEA-DF,BOG,,CORRESPONDENCIA,,CONSECUTIVO DE CARTAS,15.7,CONSECUTIVOS 2801 A 2850 DE 2013 DA (2/2),CERRADO,19/11/2013,ARCHIVO HISTORICO,1,199,,27/08/2013,19/11/2013,,,DC,,,RO,,,,,325,5024,,,CJ325-CP5024,DECANATURA FACULTAD DE CIENCIAS ECONOMICAS Y ADMINISTRATIVAS ,"CARTAS
SOLICITUDES DE MATRICULAS
PRORROGA DE CONTRATOS
APOYOS ECONOMICOS
ASENSOS",27,PONTIFICIA UNIVERSIDAD JAVERIANA,VICERRECTORIA ADMINISTRATIVA,FACULTAD DE CIENCIAS ECONOMICAS Y ADMINISTRATIVAS,DECANATURA,CARPETA,ARCHIVO HISTORICO,"CODIGO SERIE/ SUBSERIE 15,7",,CONSERVACION TOTAL,,,PENDIENTE,MAESTDPVRACFACCEADF2023
,VRAC-FAC-CEA-DF,BOG,,CORRESPONDENCIA,,CONSECUTIVO DE CARTAS,15.7,CONSECUTIVOS 2601 A 2650 DE 2014 DA (1/2),CERRADO,19/12/2014,ARCHIVO HISTORICO,1,19,,12/11/2014,19/12/2014,,,DC,,,RO,,,,,326,5040,,,CJ326-CP5040,DECANATURA FACULTAD DE CIENCIAS ECONOMICAS Y ADMINISTRATIVAS ,"CARTAS
EXCUSAS
SOLICITUDES DE APOYO ECONOMICO
ORDEN DE MERITO
PRESENTACIONES
NOTIFICACIONES
RESERVAS DE CUPOS",43,PONTIFICIA UNIVERSIDAD JAVERIANA,VICERRECTORIA ADMINISTRATIVA,FACULTAD DE CIENCIAS ECONOMICAS Y ADMINISTRATIVAS,DECANATURA,CARPETA,ARCHIVO HISTORICO,"CODIGO SERIE/ SUBSERIE 15,7",,CONSERVACION TOTAL,,,PENDIENTE,MAESTDPVRACFACCEADF2023
,VRAC-FAC-CEA-DF,BOG,,CORRESPONDENCIA,,CONSECUTIVO DE CARTAS,15.7,CONSECUTIVOS 2601 A 2650 DE 2014 DA (2/2),CERRADO,19/12/2014,ARCHIVO HISTORICO,1,201,,12/11/2014,19/12/2014,,,DC,,,RO,,,,,326,5041,,,CJ326-CP5041,DECANATURA FACULTAD DE CIENCIAS ECONOMICAS Y ADMINISTRATIVAS ,"CARTAS
INCAPACIDADES",44,PONTIFICIA UNIVERSIDAD JAVERIANA,VICERRECTORIA ADMINISTRATIVA,FACULTAD DE CIENCIAS ECONOMICAS Y ADMINISTRATIVAS,DECANATURA,CARPETA,ARCHIVO HISTORICO,"CODIGO SERIE/ SUBSERIE 15,7",,CONSERVACION TOTAL,,,PENDIENTE,MAESTDPVRACFACCEADF2023
,VRAC-FAC-CEA-DF,BOG,,ACTAS,,ACTAS DEL COMITE DE INVESTIGACION,1.9,ACTAS COMITE DE INVESTIGACION Y ETICA (1/2),CERRADO,20/04/2016,ARCHIVO HISTORICO,1,124,,09/02/2016,20/04/2016,,,DC,,,RO,,,,,324,5000,,,CJ324-CP5000,DECANATURA FACULTAD DE CIENCIAS ECONOMICAS Y ADMINISTRATIVAS ,"ACTAS
PRESENTACION DE PROYECTOS
MINUTAS",3,PONTIFICIA UNIVERSIDAD JAVERIANA,VICERRECTORIA ADMINISTRATIVA,FACULTAD DE CIENCIAS ECONOMICAS Y ADMINISTRATIVAS,DECANATURA,CARPETA,ARCHIVO HISTORICO,"CODIGO SERIE/ SUBSERIE 1,9",,CONSERVACION TOTAL,,,PENDIENTE,MAESTDPVRACFACCEADF2023
,VRAC-FAC-CEA-DF,BOG,,CORRESPONDENCIA,15,CONSECUTIVO DE CARTAS,15.7,CONSECUTIVOS 0401 A 0428 DE 2017,CERRADO,20/11/2017,ARCHIVO HISTORICO,1,161,,23/10/2017,20/11/2017,,,DC,,,RO,,,,,329,5088,,,CJ329-CP5088,DECANATURA FACULTAD DE CIENCIAS ECONOMICAS Y ADMINISTRATIVAS ,"CARTAS
PROCESOS DISCIPLINARIOS
EXCUSAS",91,PONTIFICIA UNIVERSIDAD JAVERIANA,VICERRECTORIA ADMINISTRATIVA,FACULTAD DE CIENCIAS ECONOMICAS Y ADMINISTRATIVAS,DECANATURA,CARPETA,ARCHIVO HISTORICO,"CODIGO SERIE/ SUBSERIE 15,7",,CONSERVACION TOTAL,,,PENDIENTE,MAESTDPVRACFACCEADF2023
,VRAC-FAC-CEA-DF,BOG,,CORRESPONDENCIA,15,CONSECUTIVO DE CARTAS,15.7,CONSECUTIVOS 0001 A 0018 DE 2019,CERRADO,21/01/2019,ARCHIVO HISTORICO,1,178,,10/01/2019,21/01/2019,,,DC,,,RO,,,,,331,5104,,,CJ331-CP5104,DECANATURA FACULTAD DE CIENCIAS ECONOMICAS Y ADMINISTRATIVAS ,"CARTAS
EXCLUSIONES
PROCESOS DISCIPLINARIOS
PRESENTACIONES DE PROYECTOS DE INVESTIGACIONES E132",107,PONTIFICIA UNIVERSIDAD JAVERIANA,VICERRECTORIA ADMINISTRATIVA,FACULTAD DE CIENCIAS ECONOMICAS Y ADMINISTRATIVAS,DECANATURA,CARPETA,ARCHIVO HISTORICO,"CODIGO SERIE/ SUBSERIE 15,7",,CONSERVACION TOTAL,,,PENDIENTE,MAESTDPVRACFACCEADF2023
,VRAC-FAC-CEA-DF,BOG,,CORRESPONDENCIA,,CONSECUTIVO DE CARTAS,15.7,CONSECUTIVOS 0901 A 0947 DE 2013,CERRADO,21/03/2013,ARCHIVO HISTORICO,1,132,,22/01/2013,21/03/2013,,,DC,,,RO,,,,,324,5014,,,CJ324-CP5014,DECANATURA FACULTAD DE CIENCIAS ECONOMICAS Y ADMINISTRATIVAS ,"CARTAS
RESERVAS
SOLICITUDES
INVITACIONES
PROCESOS
ACTAS",17,PONTIFICIA UNIVERSIDAD JAVERIANA,VICERRECTORIA ADMINISTRATIVA,FACULTAD DE CIENCIAS ECONOMICAS Y ADMINISTRATIVAS,DECANATURA,CARPETA,ARCHIVO HISTORICO,"CODIGO SERIE/ SUBSERIE 15,7",,CONSERVACION TOTAL,,,PENDIENTE,MAESTDPVRACFACCEADF2023
,VRAC-FAC-CEA-DF,BOG,,CORRESPONDENCIA,,CONSECUTIVO DE CARTAS,15.7,CONSECUTIVOS 1501 A 1550 DE 2013 DA (1/2),CERRADO,21/06/2013,ARCHIVO HISTORICO,1,36,,17/05/2013,21/06/2013,,,DC,,,RO,,,,,325,5017,,,CJ325-CP5017,DECANATURA FACULTAD DE CIENCIAS ECONOMICAS Y ADMINISTRATIVAS ,"CARTAS
INVITACIONES
ACUERDOS DE VINCULACION
AVALES",20,PONTIFICIA UNIVERSIDAD JAVERIANA,VICERRECTORIA ADMINISTRATIVA,FACULTAD DE CIENCIAS ECONOMICAS Y ADMINISTRATIVAS,DECANATURA,CARPETA,ARCHIVO HISTORICO,"CODIGO SERIE/ SUBSERIE 15,7",,CONSERVACION TOTAL,,,PENDIENTE,MAESTDPVRACFACCEADF2023
,VRAC-FAC-CEA-DF,BOG,,CORRESPONDENCIA,,CONSECUTIVO DE CARTAS,15.7,CONSECUTIVOS 1501 A 1550 DE 2013 DA (2/2),CERRADO,21/06/2013,ARCHIVO HISTORICO,1,199,,17/05/2013,21/06/2013,,,DC,,,RO,,,,,325,5018,,,CJ325-CP5018,DECANATURA FACULTAD DE CIENCIAS ECONOMICAS Y ADMINISTRATIVAS ,"CARTAS
SOLICITUDES
REFERENCIAS",21,PONTIFICIA UNIVERSIDAD JAVERIANA,VICERRECTORIA ADMINISTRATIVA,FACULTAD DE CIENCIAS ECONOMICAS Y ADMINISTRATIVAS,DECANATURA,CARPETA,ARCHIVO HISTORICO,"CODIGO SERIE/ SUBSERIE 15,7",,CONSERVACION TOTAL,,,PENDIENTE,MAESTDPVRACFACCEADF2023
,VRAC-FAC-CEA-DF,BOG,,CORRESPONDENCIA,15,CONSECUTIVO DE CARTAS,15.7,CONSECUTIVOS 0201 A 0224 DE 2017,CERRADO,21/06/2017,ARCHIVO HISTORICO,1,147,,06/06/2017,21/06/2017,,,DC,,,RO,,,,,329,5081,,,CJ329-CP5081,DECANATURA FACULTAD DE CIENCIAS ECONOMICAS Y ADMINISTRATIVAS ,"CARTAS
PROCESOS DISCIPLINARIOS
INVITACIONES
EVALUACIONES DE BASES DE DATOS
RESERVAS DE CUPO",84,PONTIFICIA UNIVERSIDAD JAVERIANA,VICERRECTORIA ADMINISTRATIVA,FACULTAD DE CIENCIAS ECONOMICAS Y ADMINISTRATIVAS,DECANATURA,CARPETA,ARCHIVO HISTORICO,"CODIGO SERIE/ SUBSERIE 15,7",,CONSERVACION TOTAL,,,PENDIENTE,MAESTDPVRACFACCEADF2023
,VRAC-FAC-CEA-PRE-CEC,BOG,,REGISTRO CALIFICADO,REGISTRO CALIFICADO,REGISTRO CALIFICADO,REGISTRO CALIFICADO,REGISTRO CALIFICADO,CERRADO,21/06/2018,ARCHIVO HISTORICO,2,34,,17/08/2005,21/06/2018,,,DC,,,RO,21,A,2,3,25,863,,,B21-LA-ES2-EN3-CJ25-CP863,FACULTAD DE CIENCIAS ECONOMICAS Y ADMINISTRATIVAS,"ACTAS DE ENTREGA DE ARCHIVO
INVENTARIOS DE ARCHIVO",14,PONTIFICIA UNIVERSIDAD JAVERIANA,VICERRECTORIA ACADEMICA,FACULTAD DE CIENCIAS ECONOMICAS Y ADMINISTRATIVAS,CARRERA DE ECONOMIA,CARPETA,ARCHIVO HISTORICO,,,CONSERVACION TOTAL,,,PENDIENTE,MAESTDPVRACFACCEAPRECEC2022
,VRAC-FAC-CEA-DEP-DAD,BOG,,EVENTOS,,EVENTOS INSTITUCIONALES,,SIMPOSIO DE FINANZAS,CERRADO,21/09/2012,ARCHIVO HISTORICO,1,201,,31/10/2011,21/09/2012,,,DC,,,RO,20,B,5,7,23,847,,,B20-LB-ES5-EN7-CJ23-CP847,DEPARTAMENTO DE ADMINISTRACION,"INFORME
HOJA DE VIDA
COTIZACIÓN
SOLICITUD",22,PONTIFICIA UNIVERSIDAD JAVERIANA,VICERRECTORIA ACADEMICA,FACULTAD DE CIENCIAS ECONOMICAS Y ADMINISTRATIVAS,DEPARTAMENTO DE ADMINISTRACION,CARPETA,ARCHIVO HISTORICO,,,CONSERVACION TOTAL,,,PENDIENTE,MAESTDPVRACFACCEADEPDAD2019
,VRAC-FAC-CEA-DF,BOG,,CORRESPONDENCIA,,CONSECUTIVO DE CARTAS,15.7,CONSECUTIVOS 0401 A 0450 DE 2015,CERRADO,21/09/2015,ARCHIVO HISTORICO,1,142,,04/09/2015,21/09/2015,,,DC,,,RO,,,,,327,5053,,,CJ327-CP5053,DECANATURA FACULTAD DE CIENCIAS ECONOMICAS Y ADMINISTRATIVAS ,"CARTAS
MATRICULAS EXTRAORDINARIAS
EXCUSAS
ACTAS
PROCESOS DISCIPLINARIOS
RETIROS DE ASIGNATURAS",56,PONTIFICIA UNIVERSIDAD JAVERIANA,VICERRECTORIA ADMINISTRATIVA,FACULTAD DE CIENCIAS ECONOMICAS Y ADMINISTRATIVAS,DECANATURA,CARPETA,ARCHIVO HISTORICO,"CODIGO SERIE/ SUBSERIE 15,7",,CONSERVACION TOTAL,,,PENDIENTE,MAESTDPVRACFACCEADF2023
,VRAC-FAC-CEA-PRE-CEC,BOG,,PROGRAMAS ACADEMICOS,,CURRICULOS,,CURRICULOS,CERRADO,21/10/2013,ARCHIVO HISTORICO,1,80,,19/11/2004,21/10/2013,,,DC,,,RO,21,A,2,3,25,862,,,B21-LA-ES2-EN3-CJ25-CP862,FACULTAD DE CIENCIAS ECONOMICAS Y ADMINISTRATIVAS,"CURRICULOS
PROPUESTAS DE REFORMA CURRICULAR",13,PONTIFICIA UNIVERSIDAD JAVERIANA,VICERRECTORIA ACADEMICA,FACULTAD DE CIENCIAS ECONOMICAS Y ADMINISTRATIVAS,CARRERA DE ECONOMIA,CARPETA,ARCHIVO HISTORICO,,,CONSERVACION TOTAL,,,PENDIENTE,MAESTDPVRACFACCEAPRECEC2022
,VRAC-FAC-CEA-DF,BOG,,CORRESPONDENCIA,,CONSECUTIVO DE CARTAS,15.7,CONSECUTIVOS 0801 A 0850 DE 2013,CERRADO,22/02/2013,ARCHIVO HISTORICO,1,194,,01/02/2013,22/02/2013,,,DC,,,RO,,,,,324,5013,,,CJ324-CP5013,DECANATURA FACULTAD DE CIENCIAS ECONOMICAS Y ADMINISTRATIVAS ,"ACTAS
CARTAS
CONTRATOS
NOTIFICACIONES DE PROCESOS
GRADOS PRIVADOS
INCONFORMIDADES
SOLICITUDES",16,PONTIFICIA UNIVERSIDAD JAVERIANA,VICERRECTORIA ADMINISTRATIVA,FACULTAD DE CIENCIAS ECONOMICAS Y ADMINISTRATIVAS,DECANATURA,CARPETA,ARCHIVO HISTORICO,"CODIGO SERIE/ SUBSERIE 15,7",,CONSERVACION TOTAL,,,PENDIENTE,MAESTDPVRACFACCEADF2023
,VRAC-FAC-CEA-DF,BOG,,CORRESPONDENCIA,,CONSECUTIVO DE CARTAS,15.7,CONSECUTIVOS 0101 A 0150 DE 2016,CERRADO,22/04/2016,ARCHIVO HISTORICO,1,204,,29/03/2016,22/04/2016,,,DC,,,RO,,,,,328,5062,,,CJ328-CP5062,DECANATURA FACULTAD DE CIENCIAS ECONOMICAS Y ADMINISTRATIVAS ,"CARTAS
RESERVAS DE CUPO
ACTAS
EXCUSAS
RETIROS DE ASIGNTURAS
PROCESOS DISCIPLINARIOS",65,PONTIFICIA UNIVERSIDAD JAVERIANA,VICERRECTORIA ADMINISTRATIVA,FACULTAD DE CIENCIAS ECONOMICAS Y ADMINISTRATIVAS,DECANATURA,CARPETA,ARCHIVO HISTORICO,"CODIGO SERIE/ SUBSERIE 15,7",,CONSERVACION TOTAL,,,PENDIENTE,MAESTDPVRACFACCEADF2023
,VRAC-FAC-CEA-DF,BOG,,CORRESPONDENCIA,,CONSECUTIVO DE CARTAS,15.7,CONSECUTIVOS 0151 A 0200 DE 2015,CERRADO,22/05/2015,ARCHIVO HISTORICO,1,172,,14/04/2015,22/05/2015,,,DC,,,RO,,,,,326,5046,,,CJ326-CP5046,DECANATURA FACULTAD DE CIENCIAS ECONOMICAS Y ADMINISTRATIVAS ,"CARTAS
EXCUSAS
PROCESOS DISCIPLINARIOS
APOYO FINANCIERO",49,PONTIFICIA UNIVERSIDAD JAVERIANA,VICERRECTORIA ADMINISTRATIVA,FACULTAD DE CIENCIAS ECONOMICAS Y ADMINISTRATIVAS,DECANATURA,CARPETA,ARCHIVO HISTORICO,"CODIGO SERIE/ SUBSERIE 15,7",,CONSERVACION TOTAL,,,PENDIENTE,MAESTDPVRACFACCEADF2023
,VRAC-FAC-CEA-DF,BOG,,CORRESPONDENCIA,15,CONSECUTIVO DE CARTAS,15.7,CONSECUTIVOS 0326 A 0350 DE 2016,CERRADO,22/08/2016,ARCHIVO HISTORICO,1,162,,08/08/2016,22/08/2016,,,DC,,,RO,,,,,328,5069,,,CJ328-CP5069,DECANATURA FACULTAD DE CIENCIAS ECONOMICAS Y ADMINISTRATIVAS ,"CARTAS
RESERVAS DE CUPO
EXCUSAS
DERECHOS DE PETICION
MATRICULAS EXTRAORDINARIAS",72,PONTIFICIA UNIVERSIDAD JAVERIANA,VICERRECTORIA ADMINISTRATIVA,FACULTAD DE CIENCIAS ECONOMICAS Y ADMINISTRATIVAS,DECANATURA,CARPETA,ARCHIVO HISTORICO,"CODIGO SERIE/ SUBSERIE 15,7",,CONSERVACION TOTAL,,,PENDIENTE,MAESTDPVRACFACCEADF2023
,VRAC-FAC-CEA-DF,BOG,,CORRESPONDENCIA,15,CONSECUTIVO DE CARTAS,15.7,CONSECUTIVOS 0351 A 0399 DE 2018 (2/2),CERRADO,22/11/2018,ARCHIVO HISTORICO,1,186,,21/08/2018,22/11/2018,,,DC,,,RO,,,,,330,5102,,,CJ330-CP5102,DECANATURA FACULTAD DE CIENCIAS ECONOMICAS Y ADMINISTRATIVAS ,"CARTAS
PROCESOS DISCIPLINARIOS
EXCUSAS",105,PONTIFICIA UNIVERSIDAD JAVERIANA,VICERRECTORIA ADMINISTRATIVA,FACULTAD DE CIENCIAS ECONOMICAS Y ADMINISTRATIVAS,DECANATURA,CARPETA,ARCHIVO HISTORICO,"CODIGO SERIE/ SUBSERIE 15,7",,CONSERVACION TOTAL,,,PENDIENTE,MAESTDPVRACFACCEADF2023
,VRAC-FAC-CEA-DF,BOG,,CORRESPONDENCIA,15,CONSECUTIVO DE CARTAS,15.7,CONSECUTIVOS 0051 A 0100 DE 2019,CERRADO,23/03/2019,ARCHIVO HISTORICO,1,197,,19/02/2019,23/03/2019,,,DC,,,RO,,,,,331,5106,,,CJ331-CP5106,DECANATURA FACULTAD DE CIENCIAS ECONOMICAS Y ADMINISTRATIVAS ,"CARTAS
PROCESOS DISCIPLINARIOS
EXCLUSIONES
MATRICULAS EXTRAORDINARIAS",109,PONTIFICIA UNIVERSIDAD JAVERIANA,VICERRECTORIA ADMINISTRATIVA,FACULTAD DE CIENCIAS ECONOMICAS Y ADMINISTRATIVAS,DECANATURA,CARPETA,ARCHIVO HISTORICO,"CODIGO SERIE/ SUBSERIE 15,7",,CONSERVACION TOTAL,,,PENDIENTE,MAESTDPVRACFACCEADF2023
,VRAC-FAC-CEA-DF,BOG,,CORRESPONDENCIA,15,CONSECUTIVO DE CARTAS,15.7,CONSECUTIVOS 0351 A 0400 DE 2017,CERRADO,23/10/2017,ARCHIVO HISTORICO,1,208,,21/09/2017,23/10/2017,,,DC,,,RO,,,,,329,5087,,,CJ329-CP5087,DECANATURA FACULTAD DE CIENCIAS ECONOMICAS Y ADMINISTRATIVAS ,"CARTAS
EXCLUSIONES
PROCESOS DISCIPLINARIOS
EXCUSAS",90,PONTIFICIA UNIVERSIDAD JAVERIANA,VICERRECTORIA ADMINISTRATIVA,FACULTAD DE CIENCIAS ECONOMICAS Y ADMINISTRATIVAS,DECANATURA,CARPETA,ARCHIVO HISTORICO,"CODIGO SERIE/ SUBSERIE 15,7",,CONSERVACION TOTAL,,,PENDIENTE,MAESTDPVRACFACCEADF2023
,VRAC-FAC-CEA-PRE-CEC,BOG,,PROGRAMAS ACADEMICOS,,,,INFORME DE AUTOEVALUACION PARA LA REACREDITACION VOLUNTARIA DE LA CARRERA DE ECONOMIA,CERRADO,25/04/2013,ARCHIVO HISTORICO,1,,,25/04/2013,25/04/2013,,,DC,,,RO,21,A,2,3,25,858,,,B21-LA-ES2-EN3-CJ25-CP858,FACULTAD DE CIENCIAS ECONOMICAS Y ADMINISTRATIVAS,INFORMES ACREDITACION,9,PONTIFICIA UNIVERSIDAD JAVERIANA,VICERRECTORIA ACADEMICA,FACULTAD DE CIENCIAS ECONOMICAS Y ADMINISTRATIVAS,CARRERA DE ECONOMIA,CARPETA,ARCHIVO HISTORICO,AZ EN ESTADO NATURAL,,CONSERVACION TOTAL,,,PENDIENTE,MAESTDPVRACFACCEAPRECEC2022
,VRAC-FAC-CEA-DF,BOG,,CORRESPONDENCIA,15,CONSECUTIVO DE CARTAS,15.7,CONSECUTIVOS 0051 A 0100 DE 2017,CERRADO,25/04/2017,ARCHIVO HISTORICO,1,195,,03/03/2017,25/04/2017,,,DC,,,RO,,,,,329,5077,,,CJ329-CP5077,DECANATURA FACULTAD DE CIENCIAS ECONOMICAS Y ADMINISTRATIVAS ,"CARTAS
APOYOS MAESTRIA
ACTAS
EXCUSAS
PROCESOS DISCIPLNARIOS
APOYOS ECONOMICOS",80,PONTIFICIA UNIVERSIDAD JAVERIANA,VICERRECTORIA ADMINISTRATIVA,FACULTAD DE CIENCIAS ECONOMICAS Y ADMINISTRATIVAS,DECANATURA,CARPETA,ARCHIVO HISTORICO,"CODIGO SERIE/ SUBSERIE 15,7",,CONSERVACION TOTAL,,,PENDIENTE,MAESTDPVRACFACCEADF2023
,VRAC-FAC-CEA-DF,BOG,,CORRESPONDENCIA,,CONSECUTIVO DE CARTAS,15.7,CONSECUTIVOS 1651 A 1700 DE 2014 DA,CERRADO,25/06/2014,ARCHIVO HISTORICO,1,203,,07/06/2014,25/06/2014,,,DC,,,RO,,,,,326,5034,,,CJ326-CP5034,DECANATURA FACULTAD DE CIENCIAS ECONOMICAS Y ADMINISTRATIVAS ,"CARTAS
AUTORIZACIONES
REINTREGROS
PROCESOS DISCIPLINARIOS
PRESENTACIONES
RESERVAS DE CUPO",37,PONTIFICIA UNIVERSIDAD JAVERIANA,VICERRECTORIA ADMINISTRATIVA,FACULTAD DE CIENCIAS ECONOMICAS Y ADMINISTRATIVAS,DECANATURA,CARPETA,ARCHIVO HISTORICO,"CODIGO SERIE/ SUBSERIE 15,7",,CONSERVACION TOTAL,,,PENDIENTE,MAESTDPVRACFACCEADF2023
,VRAC-FAC-CEA-DF,BOG,,CORRESPONDENCIA,,CONSECUTIVO DE CARTAS,15.7,CONSECUTIVOS 2401 A 2450 DE 2014 DA (2/2),CERRADO,25/08/2014,ARCHIVO HISTORICO,1,179,,01/08/2014,25/08/2014,,,DC,,,RO,,,,,326,5037,,,CJ326-CP5037,DECANATURA FACULTAD DE CIENCIAS ECONOMICAS Y ADMINISTRATIVAS ,"CARTAS
RECIBOS DE PAGO
CERTIFICACIONES",40,PONTIFICIA UNIVERSIDAD JAVERIANA,VICERRECTORIA ADMINISTRATIVA,FACULTAD DE CIENCIAS ECONOMICAS Y ADMINISTRATIVAS,DECANATURA,CARPETA,ARCHIVO HISTORICO,"CODIGO SERIE/ SUBSERIE 15,7",,CONSERVACION TOTAL,,,PENDIENTE,MAESTDPVRACFACCEADF2023
,VRAC-FAC-CEA-DEP-DAD,BOG,,PROYECTOS,,PROYECTOS DE INVESTIGACION INTERNOS ,,PROYECTOS DE INVESTIGACION,CERRADO,25/11/2016,ARCHIVO HISTORICO,1,174,,01/08/2013,25/11/2016,,,DC,,,RO,20,B,5,7,23,840,,,B20-LB-ES5-EN7-CJ23-CP840,,"PROPUESTA
CARTAS
DIRECTRICES",15,PONTIFICIA UNIVERSIDAD JAVERIANA,VICERRECTORIA ACADEMICA,FACULTAD DE CIENCIAS ECONOMICAS Y ADMINISTRATIVAS,DEPARTAMENTO DE ADMINISTRACION,CARPETA,ARCHIVO HISTORICO,,,CONSERVACION TOTAL,,,PENDIENTE,MAESTDPVRACFACCEADEPDAD2019
,VRAC-FAC-CEA-DF,BOG,,CORRESPONDENCIA,15,CONSECUTIVO DE CARTAS,15.7,CONSECUTIVOS 0301 A 0350 DE 2019,CERRADO,25/11/2019,ARCHIVO HISTORICO,1,206,,02/09/2019,25/11/2019,,,DC,,,RO,,,,,331,5114,,,CJ331-CP5114,DECANATURA FACULTAD DE CIENCIAS ECONOMICAS Y ADMINISTRATIVAS ,"CARTAS
PROCESOS DISCIPLINARIOS
EXCUSAS",117,PONTIFICIA UNIVERSIDAD JAVERIANA,VICERRECTORIA ADMINISTRATIVA,FACULTAD DE CIENCIAS ECONOMICAS Y ADMINISTRATIVAS,DECANATURA,CARPETA,ARCHIVO HISTORICO,"CODIGO SERIE/ SUBSERIE 15,7",,CONSERVACION TOTAL,,,PENDIENTE,MAESTDPVRACFACCEADF2023
,VRAC-FAC-CEA-DF,BOG,,CORRESPONDENCIA,,CONSECUTIVO DE CARTAS,15.7,CONSECUTIVOS 0051 A 0100 DE 2016  (1/2),CERRADO,26/03/2016,ARCHIVO HISTORICO,1,31,,09/02/2016,26/03/2016,,,DC,,,RO,,,,,327,5060,,,CJ327-CP5060,DECANATURA FACULTAD DE CIENCIAS ECONOMICAS Y ADMINISTRATIVAS ,"CARTAS
RESERVAS DE CUPO
GRUPOS DE INVESTIGACION
MATRICULAS EXTRAORIDINARIAS
INVITACIONES
AUTORIZACIONES",63,PONTIFICIA UNIVERSIDAD JAVERIANA,VICERRECTORIA ADMINISTRATIVA,FACULTAD DE CIENCIAS ECONOMICAS Y ADMINISTRATIVAS,DECANATURA,CARPETA,ARCHIVO HISTORICO,"CODIGO SERIE/ SUBSERIE 15,7",,CONSERVACION TOTAL,,,PENDIENTE,MAESTDPVRACFACCEADF2023
,VRAC-FAC-CEA-PRE-CAE,BOG,,ACREDITACION,,ACREDITACION DE PROGRAMAS ACADEMICOS,,INFORMACION DE AUTOEVALUACION PARA LA ACREDITACION VOLUNTARIA,CERRADO,26/06/2003,ARCHIVO HISTORICO,1,,,01/01/2000,26/06/2003,,,DC,,,RO,16,B,3,5,6,707,,,B16-LB-ES3-EN5-CJ6-CP707,FACULTAD DE CIENCIAS ECONOMICAS Y ADMINISTRATIVAS,"INFORME DE ACTIVIDADES SEMESTRAL 2003
PLANEACION Y DESARROLLO DE ACTIVIDADES 2005 A 2007
ANEXO 1 PROGRAMA DE PRACTICAS EMPRESARIALES
ANEXO 2 ACCIONES CONCRETAS
ANEXO 3 INFORME EJECUTIVODE GESTION
ANEXO 4 PARTICIPACION DE LOS ESTUDIANTES EN EL SEMESTRE",4,PONTIFICIA UNIVERSIDAD JAVERIANA,VICERRECTORIA ACADEMICA,FACULTAD DE CIENCIAS ECONOMICAS Y ADMINISTRATIVAS,CARRERA DE ADMINISTRACION DE EMPRESAS,CARPETA,ARCHIVO HISTORICO,,,CONSERVACION TOTAL,,,PENDIENTE,MAESTDPVRACFACCEAPRECAE2018
,VRAC-FAC-CEA-DF,BOG,,MEDIO UNIVERSITARIO,54,BIENESTAR,54.15,ASUNTOS ESTUDIANTILES CARRERA CONTADURIA PUBLICA 2015,CERRADO,26/07/2015,ARCHIVO HISTORICO,1,117,,19/01/2015,26/07/2015,,,DC,,,RO,,,,,332,5119,,,CJ332-CP5119,DECANATURA FACULTAD DE CIENCIAS ECONOMICAS Y ADMINISTRATIVAS ,"CARTAS
CREDITOS DE EXCELENCIA ACADEMICA
MATRICULA EXTRAORDINARIA",122,PONTIFICIA UNIVERSIDAD JAVERIANA,VICERRECTORIA ADMINISTRATIVA,FACULTAD DE CIENCIAS ECONOMICAS Y ADMINISTRATIVAS,DECANATURA,CARPETA,ARCHIVO HISTORICO,"CODIGO SERIE/ SUBSERIE 54,15",,CONSERVACION TOTAL,,,PENDIENTE,MAESTDPVRACFACCEADF2023
,VRAC-FAC-CEA-DF,BOG,,CORRESPONDENCIA,,CONSECUTIVO DE CARTAS,15.7,CONSECUTIVOS 2501 A 2550 DE 2014 DA,CERRADO,26/09/2014,ARCHIVO HISTORICO,1,158,,01/09/2014,26/09/2014,,,DC,,,RO,,,,,326,5038,,,CJ326-CP5038,DECANATURA FACULTAD DE CIENCIAS ECONOMICAS Y ADMINISTRATIVAS ,"CARTAS
MENCIONES DE HONOR
RESERVAS DE CUPO
EXCUSAS
GRADOS PRIVADOS
PRESENTACIONES",41,PONTIFICIA UNIVERSIDAD JAVERIANA,VICERRECTORIA ADMINISTRATIVA,FACULTAD DE CIENCIAS ECONOMICAS Y ADMINISTRATIVAS,DECANATURA,CARPETA,ARCHIVO HISTORICO,"CODIGO SERIE/ SUBSERIE 15,7",,CONSERVACION TOTAL,,,PENDIENTE,MAESTDPVRACFACCEADF2023
,VRAC-FAC-CEA-PRE-CEC,BOG,,EVENTOS,,EVENTOS INSTITUCIONALES,,EVENTOS,CERRADO,26/10/2019,ARCHIVO HISTORICO,1,116,,23/09/2015,26/10/2019,,,DC,,,RO,21,A,2,3,25,860,,,B21-LA-ES2-EN3-CJ25-CP860,FACULTAD DE CIENCIAS ECONOMICAS Y ADMINISTRATIVAS,"INFORMES
INSCRIPCION PROGRAMAS",11,PONTIFICIA UNIVERSIDAD JAVERIANA,VICERRECTORIA ACADEMICA,FACULTAD DE CIENCIAS ECONOMICAS Y ADMINISTRATIVAS,CARRERA DE ECONOMIA,CARPETA,ARCHIVO HISTORICO,,,CONSERVACION TOTAL,,,PENDIENTE,MAESTDPVRACFACCEAPRECEC2022
,VRAC-FAC-CEA-DF,BOG,,REDES DE COOPERACION,,,104,COMUNICACIONES PARA MANTENER Y PROMOVER RELACIONES DE COOPERACION 2017,CERRADO,26/12/2017,ARCHIVO HISTORICO,1,111,,15/02/2017,26/12/2017,,,DC,,,RO,,,,,324,5008,,,CJ324-CP5008,DECANATURA FACULTAD DE CIENCIAS ECONOMICAS Y ADMINISTRATIVAS ,"PANFLETOS
PARCIPACION DE CONCURSOS",11,PONTIFICIA UNIVERSIDAD JAVERIANA,VICERRECTORIA ADMINISTRATIVA,FACULTAD DE CIENCIAS ECONOMICAS Y ADMINISTRATIVAS,DECANATURA,CARPETA,ARCHIVO HISTORICO,CODIGO SERIE/ SUBSERIE 104,,CONSERVACION TOTAL,,,PENDIENTE,MAESTDPVRACFACCEADF2023
,VRAC-FAC-CEA-PRE-CAE,BOG,,ACREDITACION,,ACREDITACION DE PROGRAMAS ACADEMICOS,,CONVENIO SIGUEME,CERRADO,27/06/2000,ARCHIVO HISTORICO,1,,,09/03/2000,27/06/2000,,,DC,,,RO,16,B,3,7,11,751,,,B16-LB-ES3-EN7-CJ11-CP751,,"CARTAS
PLANES DE ESTUDIO",48,PONTIFICIA UNIVERSIDAD JAVERIANA,VICERRECTORIA ACADEMICA,FACULTAD DE CIENCIAS ECONOMICAS Y ADMINISTRATIVAS,CARRERA DE ADMINISTRACION DE EMPRESAS,CARPETA,ARCHIVO HISTORICO,,,CONSERVACION TOTAL,,,PENDIENTE,MAESTDPVRACFACCEAPRECAE2018
,VRAC-FAC-CEA-DEP-DAD,BOG,,REDES UNIVERSITARIAS ,,REDES DE COOPERACION INTERNACIONAL ,,ACTAS DE COMISION Y CORRESPONDENCIA,CERRADO,27/06/2013,ARCHIVO HISTORICO,1,47,,31/08/2011,27/06/2013,,,DC,,,RO,20,B,5,7,23,842,,,B20-LB-ES5-EN7-CJ23-CP842,DEPARTAMENTO DE ADMINISTRACION,"ACTA
CARTAS",17,PONTIFICIA UNIVERSIDAD JAVERIANA,VICERRECTORIA ACADEMICA,FACULTAD DE CIENCIAS ECONOMICAS Y ADMINISTRATIVAS,DEPARTAMENTO DE ADMINISTRACION,CARPETA,ARCHIVO HISTORICO,,,CONSERVACION TOTAL,,,PENDIENTE,MAESTDPVRACFACCEADEPDAD2019
,VRAC-FAC-CEA-DF,BOG,,CORRESPONDENCIA,,CONSECUTIVO DE CARTAS,15.7,CONSECUTIVOS 2351 A 2400 DE 2014 DA (1/2),CERRADO,27/08/2013,ARCHIVO HISTORICO,1,167,,02/08/2013,27/08/2013,,,DC,,,RO,,,,,325,5020,,,CJ325-CP5020,DECANATURA FACULTAD DE CIENCIAS ECONOMICAS Y ADMINISTRATIVAS ,"SOLICITUDES
PRESENTACION DE SEMILLEROS
NOMINA
CARTAS
PROCESOS DISCIPLNARIOS
RETIROS DE ASIGNATURAS",23,PONTIFICIA UNIVERSIDAD JAVERIANA,VICERRECTORIA ADMINISTRATIVA,FACULTAD DE CIENCIAS ECONOMICAS Y ADMINISTRATIVAS,DECANATURA,CARPETA,ARCHIVO HISTORICO,"CODIGO SERIE/ SUBSERIE 15,7",,CONSERVACION TOTAL,,,PENDIENTE,MAESTDPVRACFACCEADF2023
,VRAC-FAC-CEA-DF,BOG,,CORRESPONDENCIA,,CONSECUTIVO DE CARTAS,15.7,CONSECUTIVOS 2351 A 2400 DE 2014 DA (2/2),CERRADO,27/08/2013,ARCHIVO HISTORICO,1,148,,02/08/2013,27/08/2013,,,DC,,,RO,,,,,325,5021,,,CJ325-CP5021,DECANATURA FACULTAD DE CIENCIAS ECONOMICAS Y ADMINISTRATIVAS ,"CARTAS
RESERVAS DE CUPO
PROCESOS DISCIPLNARIOS
MENCION DE HONOR",24,PONTIFICIA UNIVERSIDAD JAVERIANA,VICERRECTORIA ADMINISTRATIVA,FACULTAD DE CIENCIAS ECONOMICAS Y ADMINISTRATIVAS,DECANATURA,CARPETA,ARCHIVO HISTORICO,"CODIGO SERIE/ SUBSERIE 15,7",,CONSERVACION TOTAL,,,PENDIENTE,MAESTDPVRACFACCEADF2023
,VRAC-FAC-CEA-DEP-DAD,BOG,,ACTAS ,,ACTAS DEL COMITE DE INVESTIGACION,,ACTAS Y CORRESPONDENCIA,CERRADO,27/10/2011,ARCHIVO HISTORICO,1,202,,16/09/2009,27/10/2011,,,DC,,,RO,20,B,5,7,22,830,,,B20-LB-ES5-EN7-CJ22-CP830,DEPARTAMENTO DE ADMINISTRACION,"SOLICITUDES
ACTAS CARTAS
ACTAS
TRAMITE DE PROYECTOS",5,PONTIFICIA UNIVERSIDAD JAVERIANA,VICERRECTORIA ACADEMICA,FACULTAD DE CIENCIAS ECONOMICAS Y ADMINISTRATIVAS,DEPARTAMENTO DE ADMINISTRACION,CARPETA,ARCHIVO HISTORICO,,,CONSERVACION TOTAL,,,PENDIENTE,MAESTDPVRACFACCEADEPDAD2019
,VRAC-FAC-CEA-DF,BOG,,MEDIO UNIVERSITARIO,54,BIENESTAR,54.15,ASUNTOS ESTUDIANTILES CARRERA DE ECONOMIA 2014 A 2017,CERRADO,27/11/2017,ARCHIVO HISTORICO,1,110,,18/12/2014,27/11/2017,,,DC,,,RO,,,,,332,5121,,,CJ332-CP5121,DECANATURA FACULTAD DE CIENCIAS ECONOMICAS Y ADMINISTRATIVAS ,"CARTAS
MATRICULA EXTRAORDINARIA",124,PONTIFICIA UNIVERSIDAD JAVERIANA,VICERRECTORIA ADMINISTRATIVA,FACULTAD DE CIENCIAS ECONOMICAS Y ADMINISTRATIVAS,DECANATURA,CARPETA,ARCHIVO HISTORICO,"CODIGO SERIE/ SUBSERIE 54,15",,CONSERVACION TOTAL,,,PENDIENTE,MAESTDPVRACFACCEADF2023
,VRAC-FAC-CEA-PRE-CAE,BOG,,ACREDITACION,,ACREDITACION DE PROGRAMAS ACADEMICOS,,CIRCULARES Y BOLETINES 1/2,CERRADO,28/01/2008,ARCHIVO HISTORICO,1,,,01/01/1999,28/01/2008,,,DC,,,RO,16,B,3,5,7,717,,,B16-LB-ES3-EN5-CJ7-CP717,FACULTAD DE CIENCIAS ECONOMICAS Y ADMINISTRATIVAS,"CIRCULARES CON INFORMACION PARA NEOJAVERIANO
BOLETINES PARA EL PROCESO DE ADMISION
REGLAMENTO DE ESTUDIANTES",14,PONTIFICIA UNIVERSIDAD JAVERIANA,VICERRECTORIA ACADEMICA,FACULTAD DE CIENCIAS ECONOMICAS Y ADMINISTRATIVAS,CARRERA DE ADMINISTRACION DE EMPRESAS,CARPETA,ARCHIVO HISTORICO,,,CONSERVACION TOTAL,,,PENDIENTE,MAESTDPVRACFACCEAPRECAE2018
,VRAC-FAC-CEA-DF,BOG,,CORRESPONDENCIA,,CONSECUTIVO DE CARTAS,15.7,CONSECUTIVOS 0651 A 0700 DE 2014 DA,CERRADO,28/02/2014,ARCHIVO HISTORICO,1,204,,05/02/2014,28/02/2014,,,DC,,,RO,,,,,325,5030,,,CJ325-CP5030,DECANATURA FACULTAD DE CIENCIAS ECONOMICAS Y ADMINISTRATIVAS ,"CARTAS
RETIROS DE ASIGNATURAS
SOLICITUDES DE MATRICULAS
ACTAS DE PROCESOS
RESPUESTAS ",33,PONTIFICIA UNIVERSIDAD JAVERIANA,VICERRECTORIA ADMINISTRATIVA,FACULTAD DE CIENCIAS ECONOMICAS Y ADMINISTRATIVAS,DECANATURA,CARPETA,ARCHIVO HISTORICO,"CODIGO SERIE/ SUBSERIE 15,7",,CONSERVACION TOTAL,,,PENDIENTE,MAESTDPVRACFACCEADF2023
,VRAC-FAC-CEA-PRE-CAE,BOG,,ACREDITACION,,ACREDITACION DE PROGRAMAS ACADEMICOS,,IMPLEMENTACION DEL NUEVO CURRICULO EN LA CARRERA DE ADMINISTRACION DE EMPRESAS JORNADA NOCTURNA,CERRADO,28/04/2005,ARCHIVO HISTORICO,1,,,01/08/2004,28/04/2005,,,DC,,,RO,16,B,3,5,6,706,,,B16-LB-ES3-EN5-CJ6-CP706,FACULTAD DE CIENCIAS ECONOMICAS Y ADMINISTRATIVAS,"CURRICULOS
PROGRAMA DE ESTUDIO Y PRESENTACION
DIAPOSITIVAS PROGRAMA DE INGENIERIA INDUSTRIAL",3,PONTIFICIA UNIVERSIDAD JAVERIANA,VICERRECTORIA ACADEMICA,FACULTAD DE CIENCIAS ECONOMICAS Y ADMINISTRATIVAS,CARRERA DE ADMINISTRACION DE EMPRESAS,CARPETA,ARCHIVO HISTORICO,,,CONSERVACION TOTAL,,,PENDIENTE,MAESTDPVRACFACCEAPRECAE2018
,VRAC-FAC-CEA-DF,BOG,,CORRESPONDENCIA,15,CONSECUTIVO DE CARTAS,15.7,CONSECUTIVOS 0251 A 0300 DE 2016,CERRADO,28/07/2016,ARCHIVO HISTORICO,1,188,,01/07/2016,28/07/2016,,,DC,,,RO,,,,,328,5067,,,CJ328-CP5067,DECANATURA FACULTAD DE CIENCIAS ECONOMICAS Y ADMINISTRATIVAS ,"CARTAS, RESERVAS DE CUPO
APOYOS ECONOMICOS
ACTUALIZACION DE SALARIOS
RETIROS DE ASIGNATURAS
PROCESOS DISCIPLINARIOS
MATRICULAS EXTRAORDINARIAS",70,PONTIFICIA UNIVERSIDAD JAVERIANA,VICERRECTORIA ADMINISTRATIVA,FACULTAD DE CIENCIAS ECONOMICAS Y ADMINISTRATIVAS,DECANATURA,CARPETA,ARCHIVO HISTORICO,"CODIGO SERIE/ SUBSERIE 15,7",,CONSERVACION TOTAL,,,PENDIENTE,MAESTDPVRACFACCEADF2023
,VRAC-FAC-CEA-DF,BOG,,ACTAS,,ACTAS DEL COMITE DE INVESTIGACION,1.9,ACTAS COMITE DE INVESTIGACION Y ETICA 2017 A 2018,CERRADO,28/11/2018,ARCHIVO HISTORICO,1,54,,15/02/2017,28/11/2018,,,DC,,,RO,,,,,324,5002,,,CJ324-CP5002,DECANATURA FACULTAD DE CIENCIAS ECONOMICAS Y ADMINISTRATIVAS ,"ACTAS
PRESENTACION DE PROYECTOS
MINUTAS",5,PONTIFICIA UNIVERSIDAD JAVERIANA,VICERRECTORIA ADMINISTRATIVA,FACULTAD DE CIENCIAS ECONOMICAS Y ADMINISTRATIVAS,DECANATURA,CARPETA,ARCHIVO HISTORICO,"CODIGO SERIE/ SUBSERIE 1,9",,CONSERVACION TOTAL,,,PENDIENTE,MAESTDPVRACFACCEADF2023
,VRAC-FAC-CEA-DF,BOG,,CORRESPONDENCIA,,CONSECUTIVO DE CARTAS,15.8,CONSECUTIVOS 0051 A 0100 DE 2016  (2/2),CERRADO,29/03/2016,ARCHIVO HISTORICO,1,200,,09/02/2016,29/03/2016,,,DC,,,RO,,,,,327,5061,,,CJ327-CP5061,DECANATURA FACULTAD DE CIENCIAS ECONOMICAS Y ADMINISTRATIVAS ,"CARTAS
INVITACIONES
PROCESOS DISCIPINARIOS",64,PONTIFICIA UNIVERSIDAD JAVERIANA,VICERRECTORIA ADMINISTRATIVA,FACULTAD DE CIENCIAS ECONOMICAS Y ADMINISTRATIVAS,DECANATURA,CARPETA,ARCHIVO HISTORICO,"CODIGO SERIE/ SUBSERIE 15,8",,CONSERVACION TOTAL,,,PENDIENTE,MAESTDPVRACFACCEADF2023
,VRAC-FAC-CEA-DF,BOG,,CORRESPONDENCIA,15,CONSECUTIVO DE CARTAS,15.7,CONSECUTIVOS 0232 A 0250 DE 2016 (1/2),CERRADO,29/06/2016,ARCHIVO HISTORICO,1,20,,20/05/2016,29/06/2016,,,DC,,,RO,,,,,328,5065,,,CJ328-CP5065,DECANATURA FACULTAD DE CIENCIAS ECONOMICAS Y ADMINISTRATIVAS ,"CARTAS
APOYOS ECONOMICOS
CONTRATOS
PROCESOS DISCIPLINARIOS
MATRICULAS EXTRAORDINARIAS",68,PONTIFICIA UNIVERSIDAD JAVERIANA,VICERRECTORIA ADMINISTRATIVA,FACULTAD DE CIENCIAS ECONOMICAS Y ADMINISTRATIVAS,DECANATURA,CARPETA,ARCHIVO HISTORICO,"CODIGO SERIE/ SUBSERIE 15,7",,CONSERVACION TOTAL,,,PENDIENTE,MAESTDPVRACFACCEADF2023
,VRAC-FAC-CEA-DF,BOG,,CORRESPONDENCIA,15,CONSECUTIVO DE CARTAS,15.7,CONSECUTIVOS 0232 A 0250 DE 2016 (2/2),CERRADO,29/06/2016,ARCHIVO HISTORICO,1,202,,20/05/2016,29/06/2016,,,DC,,,RO,,,,,328,5066,,,CJ328-CP5066,DECANATURA FACULTAD DE CIENCIAS ECONOMICAS Y ADMINISTRATIVAS ,"CARTAS
PROCESOS DISCIPLINARIOS
INVITACIONES
RETIROS DE ASIGNATURAS",69,PONTIFICIA UNIVERSIDAD JAVERIANA,VICERRECTORIA ADMINISTRATIVA,FACULTAD DE CIENCIAS ECONOMICAS Y ADMINISTRATIVAS,DECANATURA,CARPETA,ARCHIVO HISTORICO,"CODIGO SERIE/ SUBSERIE 15,7",,CONSERVACION TOTAL,,,PENDIENTE,MAESTDPVRACFACCEADF2023
,VRAC-FAC-CEA-DEP-DAD,BOG,,PROGRAMAS ACADEMICOS,,PROGRAMAS DE ASIGNATURAS,,DOCUMENTACION DE ASIGNATURAS,CERRADO,29/09/2016,ARCHIVO HISTORICO,1,25,,10/02/2015,29/09/2016,,,DC,,,RO,20,B,5,7,23,844,,,B20-LB-ES5-EN7-CJ23-CP844,DEPARTAMENTO DE ADMINISTRACION,CARTA,19,PONTIFICIA UNIVERSIDAD JAVERIANA,VICERRECTORIA ACADEMICA,FACULTAD DE CIENCIAS ECONOMICAS Y ADMINISTRATIVAS,DEPARTAMENTO DE ADMINISTRACION,CARPETA,ARCHIVO HISTORICO,,,CONSERVACION TOTAL,,,PENDIENTE,MAESTDPVRACFACCEADEPDAD2019
,VRAC-FAC-CEA-PRE-CEC,BOG,,PROGRAMAS ACADEMICOS,,,,REVISON CURRICULAR (1/2),CERRADO,30/07/2003,ARCHIVO HISTORICO,1,,,02/12/2002,30/07/2003,,,DC,,,RO,21,A,2,3,24,852,,,B21-LA-ES2-EN3-CJ24-CP852,FACULTAD DE CIENCIAS ECONOMICAS Y ADMINISTRATIVAS,INFORMES ACREDITACION,3,PONTIFICIA UNIVERSIDAD JAVERIANA,VICERRECTORIA ACADEMICA,FACULTAD DE CIENCIAS ECONOMICAS Y ADMINISTRATIVAS,CARRERA DE ECONOMIA,CARPETA,ARCHIVO HISTORICO,AZ EN ESTADO NATURAL SE PASO A CARPETA ,,CONSERVACION TOTAL,,,PENDIENTE,MAESTDPVRACFACCEAPRECEC2022
,VRAC-FAC-CEA-PRE-CEC,BOG,,PROGRAMAS ACADEMICOS,,,,REVISON CURRICULAR (2/2),CERRADO,30/07/2003,ARCHIVO HISTORICO,1,,,02/12/2002,30/07/2003,,,DC,,,RO,21,A,2,3,24,853,,,B21-LA-ES2-EN3-CJ24-CP853,FACULTAD DE CIENCIAS ECONOMICAS Y ADMINISTRATIVAS,INFORMES ACREDITACION,4,PONTIFICIA UNIVERSIDAD JAVERIANA,VICERRECTORIA ACADEMICA,FACULTAD DE CIENCIAS ECONOMICAS Y ADMINISTRATIVAS,CARRERA DE ECONOMIA,CARPETA,ARCHIVO HISTORICO,AZ EN ESTADO NATURAL SE PASO A CARPETA ,,CONSERVACION TOTAL,,,PENDIENTE,MAESTDPVRACFACCEAPRECEC2022
,VRAC-FAC-CEA-DF,BOG,,CORRESPONDENCIA,15,CONSECUTIVO DE CARTAS,15.7,CONSECUTIVOS 0224 A 0250 DE 2018,CERRADO,30/07/2018,ARCHIVO HISTORICO,1,176,,11/07/2018,30/07/2018,,,DC,,,RO,,,,,330,5097,,,CJ330-CP5097,DECANATURA FACULTAD DE CIENCIAS ECONOMICAS Y ADMINISTRATIVAS ,"CARTAS
APOYOS A PROFESORES
PROCESOS DISCIPLINARIOS
MATRICULAS EXTRAORDINARIAS
PRESENTACION DE PROYECTOS",100,PONTIFICIA UNIVERSIDAD JAVERIANA,VICERRECTORIA ADMINISTRATIVA,FACULTAD DE CIENCIAS ECONOMICAS Y ADMINISTRATIVAS,DECANATURA,CARPETA,ARCHIVO HISTORICO,"CODIGO SERIE/ SUBSERIE 15,7",,CONSERVACION TOTAL,,,PENDIENTE,MAESTDPVRACFACCEADF2023
,VRAC-FAC-CEA-DF,BOG,,CORRESPONDENCIA,15,CONSECUTIVO DE CARTAS,15.7,CONSECUTIVOS 0251 A 0300 DE 2019 (1/2),CERRADO,30/08/2019,ARCHIVO HISTORICO,1,153,,19/07/2019,30/08/2019,,,DC,,,RO,,,,,331,5112,,,CJ331-CP5112,DECANATURA FACULTAD DE CIENCIAS ECONOMICAS Y ADMINISTRATIVAS ,"CARTAS
PROCESOS DISCIPLINARIOS",115,PONTIFICIA UNIVERSIDAD JAVERIANA,VICERRECTORIA ADMINISTRATIVA,FACULTAD DE CIENCIAS ECONOMICAS Y ADMINISTRATIVAS,DECANATURA,CARPETA,ARCHIVO HISTORICO,"CODIGO SERIE/ SUBSERIE 15,7",,CONSERVACION TOTAL,,,PENDIENTE,MAESTDPVRACFACCEADF2023
,VRAC-FAC-CEA-DF,BOG,,CORRESPONDENCIA,,CONSECUTIVO DE CARTAS,15.7,CONSECUTIVOS 2001 A 2050 DE 2014 DA,CERRADO,31/07/2014,ARCHIVO HISTORICO,1,147,,25/06/2014,31/07/2014,,,DC,,,RO,,,,,326,5035,,,CJ326-CP5035,DECANATURA FACULTAD DE CIENCIAS ECONOMICAS Y ADMINISTRATIVAS ,"CARTAS
PRESENTACIONES
APOYO ECONOMICO
RESERVA DE CUPO
PROCESOS DISCIPLINARIOS
ASENSOS",38,PONTIFICIA UNIVERSIDAD JAVERIANA,VICERRECTORIA ADMINISTRATIVA,FACULTAD DE CIENCIAS ECONOMICAS Y ADMINISTRATIVAS,DECANATURA,CARPETA,ARCHIVO HISTORICO,"CODIGO SERIE/ SUBSERIE 15,7",,CONSERVACION TOTAL,,,PENDIENTE,MAESTDPVRACFACCEADF2023
,VRAC-FAC-CEA-DF,BOG,,CORRESPONDENCIA,15,CONSECUTIVO DE CARTAS,15.7,CONSECUTIVOS 0251 A 0269 DE 2017,CERRADO,31/07/2017,ARCHIVO HISTORICO,1,121,,11/07/2017,31/07/2017,,,DC,,,RO,,,,,329,5083,,,CJ329-CP5083,DECANATURA FACULTAD DE CIENCIAS ECONOMICAS Y ADMINISTRATIVAS ,"CARTAS
MATRICULAS EXTRAORDINARIAS
SOLICITUDES",86,PONTIFICIA UNIVERSIDAD JAVERIANA,VICERRECTORIA ADMINISTRATIVA,FACULTAD DE CIENCIAS ECONOMICAS Y ADMINISTRATIVAS,DECANATURA,CARPETA,ARCHIVO HISTORICO,"CODIGO SERIE/ SUBSERIE 15,7",,CONSERVACION TOTAL,,,PENDIENTE,MAESTDPVRACFACCEADF2023
,VRAC-FAC-CEA-PRE-CEC,BOG,,PROGRAMAS ACADEMICOS,,,,ANEXOS INFORME PARA LA REACREDITACION VOLUNTARIA DE LA CARRERA DE ECONOMIA (1/2),CERRADO,,ARCHIVO HISTORICO,1,,,,,,,DC,,,RO,21,A,2,3,24,856,,,B21-LA-ES2-EN3-CJ24-CP856,FACULTAD DE CIENCIAS ECONOMICAS Y ADMINISTRATIVAS,ANEXO ACREDITACION,7,PONTIFICIA UNIVERSIDAD JAVERIANA,VICERRECTORIA ACADEMICA,FACULTAD DE CIENCIAS ECONOMICAS Y ADMINISTRATIVAS,CARRERA DE ECONOMIA,CARPETA,ARCHIVO HISTORICO,AZ EN ESTADO NATURAL SE PASO A CARPETA ,,CONSERVACION TOTAL,,,PENDIENTE,MAESTDPVRACFACCEAPRECEC2022
,VRAC-FAC-CEA-PRE-CEC,BOG,,PROGRAMAS ACADEMICOS,,,,ANEXOS INFORME PARA LA REACREDITACION VOLUNTARIA DE LA CARRERA DE ECONOMIA (2/2),CERRADO,,ARCHIVO HISTORICO,1,,,,,,,DC,,,RO,21,A,2,3,25,857,,,B21-LA-ES2-EN3-CJ25-CP857,FACULTAD DE CIENCIAS ECONOMICAS Y ADMINISTRATIVAS,ANEXO ACREDITACION,8,PONTIFICIA UNIVERSIDAD JAVERIANA,VICERRECTORIA ACADEMICA,FACULTAD DE CIENCIAS ECONOMICAS Y ADMINISTRATIVAS,CARRERA DE ECONOMIA,CARPETA,ARCHIVO HISTORICO,AZ EN ESTADO NATURAL SE PASO A CARPETA ,,CONSERVACION TOTAL,,,PENDIENTE,MAESTDPVRACFACCEAPRECEC2022
,VRAC-FAC-CEA-PRE-CAE,BOG,,ACREDITACION,,ACREDITACION DE PROGRAMAS ACADEMICOS,,EVALUACION DE PROFESORES,CERRADO,01/01/2014,ARCHIVO HISTORICO,2,,,01/01/2014,01/01/2014,,,DC,,,RO,16,B,4,2,17,794,,,B16-LB-ES4-EN2-CJ17-CP794,,EVALUACION DE DOCENTES CICLO 1330 A 1410,91,PONTIFICIA UNIVERSIDAD JAVERIANA,VICERRECTORIA ACADEMICA,FACULTAD DE CIENCIAS ECONOMICAS Y ADMINISTRATIVAS,CARRERA DE ADMINISTRACION DE EMPRESAS,CARPETA,ARCHIVO HISTORICO,,,CONSERVACION TOTAL,,,PENDIENTE,MAESTDPVRACFACCEAPRECAE2018
,VRAC-FAC-CEA-DEP-DAD,BOG,,INFORMES,,INFORME EVENTO,,INFORMES DE ACTIVIDADES Y GESTIÓN,CERRADO,01/01/2017,ARCHIVO HISTORICO,2,38,,01/01/2017,01/01/2017,,,DC,,,RO,21,A,2,4,26,877,,,B21-LA-ES2-EN4-CJ26-CP877,DEPARTAMENTO DE ADMINISTRACION,INFORME,9,PONTIFICIA UNIVERSIDAD JAVERIANA,VICERRECTORIA ACADEMICA,FACULTAD DE CIENCIAS ECONOMICAS Y ADMINISTRATIVAS,DEPARTAMENTO DE ADMINISTRACION,CARPETA,ARCHIVO HISTORICO,,,CONSERVACION TOTAL,,,PENDIENTE,MAESTDPVRACFACCEADEPDAD2023
,VRAC-FAC-CEA-DEP-DAD,BOG,,EVENTOS,,EVENTOS INSTITUCIONALES,,EVENTOS INSTITUCIONALES ,CERRADO,01/10/2016,ARCHIVO HISTORICO,2,77,,27/01/2015,01/10/2016,,,DC,,,RO,20,B,5,7,23,848,,,B20-LB-ES5-EN7-CJ23-CP848,DEPARTAMENTO DE ADMINISTRACION,"CARTAS
INFORMES",23,PONTIFICIA UNIVERSIDAD JAVERIANA,VICERRECTORIA ACADEMICA,FACULTAD DE CIENCIAS ECONOMICAS Y ADMINISTRATIVAS,DEPARTAMENTO DE ADMINISTRACION,CARPETA,ARCHIVO HISTORICO,,,CONSERVACION TOTAL,,,PENDIENTE,MAESTDPVRACFACCEADEPDAD2019
,VRAC-FAC-CEA-PRE-CAE,BOG,,ACREDITACION,,ACREDITACION DE PROGRAMAS ACADEMICOS,,CONVENIO SIGUEME,CERRADO,06/02/2002,ARCHIVO HISTORICO,2,,,11/04/2000,06/02/2002,,,DC,,,RO,16,B,3,7,11,750,,,B16-LB-ES3-EN7-CJ11-CP750,,"CARTAS
INTERCAMBIO
FORMATOS
PLANES DE ESTUDIO",47,PONTIFICIA UNIVERSIDAD JAVERIANA,VICERRECTORIA ACADEMICA,FACULTAD DE CIENCIAS ECONOMICAS Y ADMINISTRATIVAS,CARRERA DE ADMINISTRACION DE EMPRESAS,CARPETA,ARCHIVO HISTORICO,,,CONSERVACION TOTAL,,,PENDIENTE,MAESTDPVRACFACCEAPRECAE2018
,VRAC-FAC-CEA-PRE-CAE,BOG,,ACREDITACION,,ACREDITACION DE PROGRAMAS ACADEMICOS,,HOJAS DE VIDA DE PROFESORES,CERRADO,10/02/2006,ARCHIVO HISTORICO,2,,,01/01/2004,10/02/2006,,,DC,,,RO,16,B,3,7,12,756,,,B16-LB-ES3-EN7-CJ12-CP756,,PROFESORES DE CATEDRA DEL DEPARTAMENTO DE ADMINISTRACION DE EMPRESAS,53,PONTIFICIA UNIVERSIDAD JAVERIANA,VICERRECTORIA ACADEMICA,FACULTAD DE CIENCIAS ECONOMICAS Y ADMINISTRATIVAS,CARRERA DE ADMINISTRACION DE EMPRESAS,CARPETA,ARCHIVO HISTORICO,,,CONSERVACION TOTAL,,,PENDIENTE,MAESTDPVRACFACCEAPRECAE2018
,VRAC-FAC-CEA-DF,BOG,,ACTAS,,ACTAS DEL COMITE DE INVESTIGACION,1.9,ACTAS COMITE DE INVESTIGACION Y ETICA (2/2),CERRADO,11/11/2016,ARCHIVO HISTORICO,2,146,,09/02/2016,11/11/2016,,,DC,,,RO,,,,,324,5001,,,CJ324-CP5001,DECANATURA FACULTAD DE CIENCIAS ECONOMICAS Y ADMINISTRATIVAS ,"ACTAS
PRESENTACION DE PROYECTOS
MINUTAS",4,PONTIFICIA UNIVERSIDAD JAVERIANA,VICERRECTORIA ADMINISTRATIVA,FACULTAD DE CIENCIAS ECONOMICAS Y ADMINISTRATIVAS,DECANATURA,CARPETA,ARCHIVO HISTORICO,"CODIGO SERIE/ SUBSERIE 1,9",,CONSERVACION TOTAL,,,PENDIENTE,MAESTDPVRACFACCEADF2023
,VRAC-FAC-CEA-PRE-CAE,BOG,,ACREDITACION,,ACREDITACION DE PROGRAMAS ACADEMICOS,,HISTORIA DE LA FACULTAD DE CIENCIAS ECONOMICAS Y ADMINISTRATIVAS,CERRADO,12/12/2003,ARCHIVO HISTORICO,2,,,09/10/1985,12/12/2003,,,DC,,,RO,16,B,3,5,6,704,,,B16-LB-ES3-EN5-CJ6-CP704,FACULTAD DE CIENCIAS ECONOMICAS Y ADMINISTRATIVAS,"ORIGEN DEL PROGRAMA DE ADMINISTRACION DE EMPRESAS POR PATRICIA CHACON
ORGANIGRAMA DEL DEPARTAMENTO Y CARRERA
ESTRUCTURA
PLANES DE ESTUDIO DE 1970 A 1997",1,PONTIFICIA UNIVERSIDAD JAVERIANA,VICERRECTORIA ACADEMICA,FACULTAD DE CIENCIAS ECONOMICAS Y ADMINISTRATIVAS,CARRERA DE ADMINISTRACION DE EMPRESAS,CARPETA,ARCHIVO HISTORICO,,,CONSERVACION TOTAL,,,PENDIENTE,MAESTDPVRACFACCEAPRECAE2018
,VRAC-FAC-CEA-PRE-CAE,BOG,,ACREDITACION,,ACREDITACION DE PROGRAMAS ACADEMICOS,,INFORMACION DE AUTOEVALUACION PARA LA ACREDITACION VOLUNTARIA,CERRADO,13/02/2007,ARCHIVO HISTORICO,2,,,20/04/2006,13/02/2007,,,DC,,,RO,16,B,4,2,17,789,,,B16-LB-ES4-EN2-CJ17-CP789,,"PROCESOS DISCIPLINARIOS
CARTAS",86,PONTIFICIA UNIVERSIDAD JAVERIANA,VICERRECTORIA ACADEMICA,FACULTAD DE CIENCIAS ECONOMICAS Y ADMINISTRATIVAS,CARRERA DE ADMINISTRACION DE EMPRESAS,CARPETA,ARCHIVO HISTORICO,,,CONSERVACION TOTAL,,,PENDIENTE,MAESTDPVRACFACCEAPRECAE2018
,VRAC-FAC-CEA-PRE-CEC,BOG,,ACREDITACION,,ACREDITACION DE PROGRAMAS ACADEMICOS,,RESOLUCION DE ACREDITACION,CERRADO,15/01/2015,ARCHIVO HISTORICO,2,98,,08/07/2011,15/01/2015,,,DC,,,RO,21,A,2,3,25,868,,,B21-LA-ES2-EN3-CJ25-CP868, CARRERA DE ECONOMIA,INFORMES ACREDITACION,20,PONTIFICIA UNIVERSIDAD JAVERIANA,VICERRECTORIA ACADEMICA,FACULTAD DE CIENCIAS ECONOMICAS Y ADMINISTRATIVAS,CARRERA DE ECONOMIA,CARPETA,ARCHIVO HISTORICO,,,CONSERVACION TOTAL,,,,MAESTDPVRACFACCEAPRECEC2022
,VRAC-FAC-CEA-DEP-DAD,BOG,,EVENTOS ,,EVENTOS INSTITUCIONALES,,CORRESPONDENCIA,CERRADO,19/02/2014,ARCHIVO HISTORICO,2,42,,16/06/2011,19/02/2014,,,DC,,,RO,21,A,2,4,26,869,,,B21-LA-ES2-EN4-CJ26-CP869,DEPARTAMENTO DE ADMINISTRACION,"INFORME
PRESUPUESTO
ASISTENTES",1,PONTIFICIA UNIVERSIDAD JAVERIANA,VICERRECTORIA ACADEMICA,FACULTAD DE CIENCIAS ECONOMICAS Y ADMINISTRATIVAS,DEPARTAMENTO DE ADMINISTRACION,CARPETA,ARCHIVO HISTORICO,,,CONSERVACION TOTAL,,,PENDIENTE,MAESTDPVRACFACCEADEPDAD2023
,VRAC-FAC-CEA-PRE-CAE,BOG,,ACREDITACION,,ACREDITACION DE PROGRAMAS ACADEMICOS,,"ASIGNATURAS COMPLEMENTARIAS
SIU",CERRADO,22/04/2008,ARCHIVO HISTORICO,2,,,29/09/2006,22/04/2008,,,DC,,,RO,16,B,4,1,15,774,,,B16-LB-ES4-EN1-CJ15-CP774,,"ASIGNATURAS COMPLEMENTARIAS SIU
PROGRAMA ADMINISTRACION DE EMPRESAS",71,PONTIFICIA UNIVERSIDAD JAVERIANA,VICERRECTORIA ACADEMICA,FACULTAD DE CIENCIAS ECONOMICAS Y ADMINISTRATIVAS,CARRERA DE ADMINISTRACION DE EMPRESAS,CARPETA,ARCHIVO HISTORICO,,,CONSERVACION TOTAL,,,PENDIENTE,MAESTDPVRACFACCEAPRECAE2018
,VRAC-FAC-CEA-PRE-CAE,BOG,,ACREDITACION,,ACREDITACION DE PROGRAMAS ACADEMICOS,,INFORME DE AUTOEVALUACION PARA LA ACREDITACION VOLUNTARIA,CERRADO,24/06/2003,ARCHIVO HISTORICO,2,,,08/04/2003,24/06/2003,,,DC,,,RO,16,B,3,6,9,734,,,B16-LB-ES3-EN6-CJ9-CP734,FACULTAD DE CIENCIAS ECONOMICAS Y ADMINISTRATIVAS,"PROCESO DE REFLEXION Y EVALUACION CURRICULAR
COMITE
ACTAS",31,PONTIFICIA UNIVERSIDAD JAVERIANA,VICERRECTORIA ACADEMICA,FACULTAD DE CIENCIAS ECONOMICAS Y ADMINISTRATIVAS,CARRERA DE ADMINISTRACION DE EMPRESAS,CARPETA,ARCHIVO HISTORICO,,,CONSERVACION TOTAL,,,PENDIENTE,MAESTDPVRACFACCEAPRECAE2018
,VRAC-FAC-CEA-PRE-CEC,BOG,,ACTAS,,ACTAS DEL COMITE DE CARRERA,,ACTAS,CERRADO,26/06/2019,ARCHIVO HISTORICO,2,60,,09/03/2010,26/06/2019,,,DC,,,RO,21,A,2,3,25,859,,,B21-LA-ES2-EN3-CJ25-CP859,FACULTAD DE CIENCIAS ECONOMICAS Y ADMINISTRATIVAS,ACTAS,10,PONTIFICIA UNIVERSIDAD JAVERIANA,VICERRECTORIA ACADEMICA,FACULTAD DE CIENCIAS ECONOMICAS Y ADMINISTRATIVAS,CARRERA DE ECONOMIA,CARPETA,ARCHIVO HISTORICO,,,CONSERVACION TOTAL,,,PENDIENTE,MAESTDPVRACFACCEAPRECEC2022
,VRAC-FAC-CEA-PRE-CEC,BOG,,INVENTARIOS,,INVENTARIO DE DOCUMENTOS Y ARCHIVO,,INVENTARIO DE DOCUMENTOS Y ARACHIVO,CERRADO,27/04/2018,ARCHIVO HISTORICO,2,205,,29/04/2014,27/04/2018,,,DC,,,RO,21,A,2,3,25,865,,,B21-LA-ES2-EN3-CJ25-CP865,FACULTAD DE CIENCIAS ECONOMICAS Y ADMINISTRATIVAS,"ACTAS DE ENTREGA DE ARCHIVO
INVENTARIOS DE ARCHIVO",16,PONTIFICIA UNIVERSIDAD JAVERIANA,VICERRECTORIA ACADEMICA,FACULTAD DE CIENCIAS ECONOMICAS Y ADMINISTRATIVAS,CARRERA DE ECONOMIA,CARPETA,ARCHIVO HISTORICO,,,CONSERVACION TOTAL,,,PENDIENTE,MAESTDPVRACFACCEAPRECEC2022
,VRAC-FAC-CEA-DEP-DAD,BOG,,EVENTOS,,EVENTOS INSTITUCIONALES,,SIMPOSIO DE FINANZAS,CERRADO,28/09/2012,ARCHIVO HISTORICO,2,95,,01/01/2012,28/09/2012,,,DC,,,RO,20,B,5,7,23,845,,,B20-LB-ES5-EN7-CJ23-CP845,DEPARTAMENTO DE ADMINISTRACION,"INFORME
ENCUESTA
HOJAS DE VIDA",20,PONTIFICIA UNIVERSIDAD JAVERIANA,VICERRECTORIA ACADEMICA,FACULTAD DE CIENCIAS ECONOMICAS Y ADMINISTRATIVAS,DEPARTAMENTO DE ADMINISTRACION,CARPETA,ARCHIVO HISTORICO,,,CONSERVACION TOTAL,,,PENDIENTE,MAESTDPVRACFACCEADEPDAD2019
,VRAC-FAC-CEA-DF,BOG,,ACTAS,,ACTAS DEL COMITE DE INVESTIGACION,1.9,ACTAS COMITE DE INVESTIGACION Y ETICA (1/2),CERRADO,31/07/2015,ARCHIVO HISTORICO,2,171,,15/04/2015,31/07/2015,,,DC,,,RO,,,,,324,4998,,,CJ324-CP4998,DECANATURA FACULTAD DE CIENCIAS ECONOMICAS Y ADMINISTRATIVAS ,"ACTAS
PRESENTACION DE PROYECTOS",1,PONTIFICIA UNIVERSIDAD JAVERIANA,VICERRECTORIA ADMINISTRATIVA,FACULTAD DE CIENCIAS ECONOMICAS Y ADMINISTRATIVAS,DECANATURA,CARPETA,ARCHIVO HISTORICO,"CODIGO SERIE/ SUBSERIE 1,9",,CONSERVACION TOTAL,,,PENDIENTE,MAESTDPVRACFACCEADF2023
,VRAC-FAC-CEA-PRE-CAE,BOG,,ACREDITACION,,ACREDITACION DE PROGRAMAS ACADEMICOS,,HOJAS DE VIDA DE PROFESORES,CERRADO,01/01/2007,ARCHIVO HISTORICO,3,,,30/01/2004,01/01/2007,,,DC,,,RO,16,B,3,7,12,755,,,B16-LB-ES3-EN7-CJ12-CP755,,PROFESORES DE CATEDRA DEL DEPARTAMENTO DE ADMINISTRACION DE EMPRESAS,52,PONTIFICIA UNIVERSIDAD JAVERIANA,VICERRECTORIA ACADEMICA,FACULTAD DE CIENCIAS ECONOMICAS Y ADMINISTRATIVAS,CARRERA DE ADMINISTRACION DE EMPRESAS,CARPETA,ARCHIVO HISTORICO,,,CONSERVACION TOTAL,,,PENDIENTE,MAESTDPVRACFACCEAPRECAE2018
,VRAC-FAC-CEA-PRE-CAE,BOG,,ACREDITACION,,ACREDITACION DE PROGRAMAS ACADEMICOS,,INFORME DE AUTOEVALUACION PARA LA ACREDITACION VOLUNTARIA,CERRADO,01/10/2003,ARCHIVO HISTORICO,3,,,01/12/2002,01/10/2003,,,DC,,,RO,16,B,4,2,19,806,,,B16-LB-ES4-EN2-CJ19-CP806,,"ANEXOS 1 AL 11 MISION Y PROYECTO EDUCATIVO
REGLAMENTO UNIDADES ACADEMICAS
ESTRUCTURA ORGANIZACIONAL
PLANEACION UNIVERSITARIA 2002 A 2006
ESTATUTOS
REGLAMENTO ORGANICO
REGLAMENTO DEL PROFESORADO
REGLAMENTO DEL PERSONAL ADMINISTRATIVO
NORMAS PARA EL USO DE RECURSOS COMPUTACIONALES E INTERNET",103,PONTIFICIA UNIVERSIDAD JAVERIANA,VICERRECTORIA ACADEMICA,FACULTAD DE CIENCIAS ECONOMICAS Y ADMINISTRATIVAS,CARRERA DE ADMINISTRACION DE EMPRESAS,CARPETA,ARCHIVO HISTORICO,,,CONSERVACION TOTAL,,,PENDIENTE,MAESTDPVRACFACCEAPRECAE2018
,VRAC-FAC-CEA-PRE-CAE,BOG,,ACREDITACION,,ACREDITACION DE PROGRAMAS ACADEMICOS,,CONVENIO SIGUEME,CERRADO,17/03/2003,ARCHIVO HISTORICO,3,,,14/10/2001,17/03/2003,,,DC,,,RO,16,B,3,7,11,749,,,B16-LB-ES3-EN7-CJ11-CP749,,"CARTAS
PLANES DE ESTUDIO",46,PONTIFICIA UNIVERSIDAD JAVERIANA,VICERRECTORIA ACADEMICA,FACULTAD DE CIENCIAS ECONOMICAS Y ADMINISTRATIVAS,CARRERA DE ADMINISTRACION DE EMPRESAS,CARPETA,ARCHIVO HISTORICO,,,CONSERVACION TOTAL,,,PENDIENTE,MAESTDPVRACFACCEAPRECAE2018
,VRAC-FAC-CEA-DEP-DAD,BOG,,EVENTOS,,EVENTOS INSTITUCIONALES,,SIMPOSIO DE FINANZAS,CERRADO,17/06/2016,ARCHIVO HISTORICO,3,202,,17/06/2014,17/06/2016,,,DC,,,RO,20,B,5,7,22,837,,,B20-LB-ES5-EN7-CJ22-CP837,DEPARTAMENTO DE ADMINISTRACION,"INFORMES DE GESTION
INFORMES DE ACTIVIDADES
CARTAS",12,PONTIFICIA UNIVERSIDAD JAVERIANA,PONTIFICIA UNIVERSIDAD JAVERIANA,PONTIFICIA UNIVERSIDAD JAVERIANA,PONTIFICIA UNIVERSIDAD JAVERIANA,CARPETA,ARCHIVO HISTORICO,,,CONSERVACION TOTAL,,,PENDIENTE,MAESTDPVRACFACCEADEPDAD2019
,VRAC-FAC-CEA-PRE-CEC,BOG,,INVENTARIOS,,INVENTARIO DE DOCUMENTOS Y ARCHIVO,,INVENTARIO DE DOCUMENTOS Y ARACHIVO,CERRADO,19/09/2019,ARCHIVO HISTORICO,3,200,,27/04/2018,19/09/2019,,,DC,,,RO,21,A,2,3,25,866,,,B21-LA-ES2-EN3-CJ25-CP866,FACULTAD DE CIENCIAS ECONOMICAS Y ADMINISTRATIVAS,"ACTAS DE ENTREGA DE ARCHIVO
INVENTARIOS DE ARCHIVO",17,PONTIFICIA UNIVERSIDAD JAVERIANA,VICERRECTORIA ACADEMICA,FACULTAD DE CIENCIAS ECONOMICAS Y ADMINISTRATIVAS,CARRERA DE ECONOMIA,CARPETA,ARCHIVO HISTORICO,,,CONSERVACION TOTAL,,,PENDIENTE,MAESTDPVRACFACCEAPRECEC2022
,VRAC-FAC-CEA-DEP-DAD,BOG,,EVENTOS ,,EVENTOS INSTITUCIONALES,,CORRESPONDENCIA,CERRADO,19/12/2014,ARCHIVO HISTORICO,3,42,,19/02/2014,19/12/2014,,,DC,,,RO,21,A,2,4,26,871,,,B21-LA-ES2-EN4-CJ26-CP871,DEPARTAMENTO DE ADMINISTRACION,"INFORME
PRESUPUESTO
ASISTENTES",3,PONTIFICIA UNIVERSIDAD JAVERIANA,VICERRECTORIA ACADEMICA,FACULTAD DE CIENCIAS ECONOMICAS Y ADMINISTRATIVAS,DEPARTAMENTO DE ADMINISTRACION,CARPETA,ARCHIVO HISTORICO,,,CONSERVACION TOTAL,,,PENDIENTE,MAESTDPVRACFACCEADEPDAD2023
,VRAC-FAC-CEA-PRE-CAE,BOG,,ACREDITACION,,ACREDITACION DE PROGRAMAS ACADEMICOS,,"ASIGNATURAS COMPLEMENTARIAS
SIU",CERRADO,22/04/2008,ARCHIVO HISTORICO,3,,,22/04/2008,22/04/2008,,,DC,,,RO,16,B,4,1,15,775,,,B16-LB-ES4-EN1-CJ15-CP775,,"ASIGNATURAS COMPLEMENTARIAS SIU
PROGRAMA ADMINISTRACION DE EMPRESAS",72,PONTIFICIA UNIVERSIDAD JAVERIANA,VICERRECTORIA ACADEMICA,FACULTAD DE CIENCIAS ECONOMICAS Y ADMINISTRATIVAS,CARRERA DE ADMINISTRACION DE EMPRESAS,CARPETA,ARCHIVO HISTORICO,,,CONSERVACION TOTAL,,,PENDIENTE,MAESTDPVRACFACCEAPRECAE2018
,VRAC-FAC-CEA-PRE-CAE,BOG,,ACREDITACION,,ACREDITACION DE PROGRAMAS ACADEMICOS,,INFORMACION DE AUTOEVALUACION PARA LA ACREDITACION VOLUNTARIA,CERRADO,31/10/2007,ARCHIVO HISTORICO,3,,,30/11/2003,31/10/2007,,,DC,,,RO,16,B,4,1,16,783,,,B16-LB-ES4-EN1-CJ16-CP783,,"PROCESOS DISCIPLINARIOS
CARTAS",80,PONTIFICIA UNIVERSIDAD JAVERIANA,VICERRECTORIA ACADEMICA,FACULTAD DE CIENCIAS ECONOMICAS Y ADMINISTRATIVAS,CARRERA DE ADMINISTRACION DE EMPRESAS,CARPETA,ARCHIVO HISTORICO,,,CONSERVACION TOTAL,,,PENDIENTE,MAESTDPVRACFACCEAPRECAE2018
,VRAC-FAC-CEA-DEP-DAD,BOG,,EVENTOS,,EVENTOS INSTITUCIONALES,,EVENTOS INSTITUCIONALES ,CERRADO,,ARCHIVO HISTORICO,3,,,,,,,DC,,,RO,,,,,,,,,,DEPARTAMENTO DE ADMINISTRACION,,25,PONTIFICIA UNIVERSIDAD JAVERIANA,VICERRECTORIA ACADEMICA,FACULTAD DE CIENCIAS ECONOMICAS Y ADMINISTRATIVAS,DEPARTAMENTO DE ADMINISTRACION,CARPETA,ARCHIVO HISTORICO,ESTA CARPETA NO INGRESO EN LA TRANSFERENCIA DOCUMENTAL,,CONSERVACION TOTAL,,,PENDIENTE,MAESTDPVRACFACCEADEPDAD2019
,VRAC-FAC-CEA-PRE-CAE,BOG,,ACREDITACION,,ACREDITACION DE PROGRAMAS ACADEMICOS,,HOJAS DE VIDA DE PROFESORES,CERRADO,01/01/2007,ARCHIVO HISTORICO,4,,,01/01/2006,01/01/2007,,,DC,,,RO,16,B,3,7,12,760,,,B16-LB-ES3-EN7-CJ12-CP760,,"OTROS DEPARTAMENTOS
CONTADURIA PUBLICA Y ECONOMIA",57,PONTIFICIA UNIVERSIDAD JAVERIANA,VICERRECTORIA ACADEMICA,FACULTAD DE CIENCIAS ECONOMICAS Y ADMINISTRATIVAS,CARRERA DE ADMINISTRACION DE EMPRESAS,CARPETA,ARCHIVO HISTORICO,,,CONSERVACION TOTAL,,,PENDIENTE,MAESTDPVRACFACCEAPRECAE2018
,VRAC-FAC-CEA-PRE-CEC,BOG,,INVENTARIOS,,INVENTARIO DE DOCUMENTOS Y ARCHIVO,,INVENTARIO DE DOCUMENTOS Y ARACHIVO,CERRADO,05/02/2020,ARCHIVO HISTORICO,4,45,,28/09/2019,05/02/2020,,,DC,,,RO,21,A,2,3,25,867,,,B21-LA-ES2-EN3-CJ25-CP867,FACULTAD DE CIENCIAS ECONOMICAS Y ADMINISTRATIVAS,"ACTAS DE ENTREGA DE ARCHIVO
INVENTARIOS DE ARCHIVO",18,PONTIFICIA UNIVERSIDAD JAVERIANA,VICERRECTORIA ACADEMICA,FACULTAD DE CIENCIAS ECONOMICAS Y ADMINISTRATIVAS,CARRERA DE ECONOMIA,CARPETA,ARCHIVO HISTORICO,,,CONSERVACION TOTAL,,,PENDIENTE,MAESTDPVRACFACCEAPRECEC2022
,VRAC-FAC-CEA-DEP-DAD,BOG,,EVENTOS,,EVENTOS INSTITUCIONALES,,SIMPOSIO DE FINANZAS,CERRADO,11/10/2017,ARCHIVO HISTORICO,4,201,,13/10/2015,11/10/2017,,,DC,,,RO,20,B,5,7,23,841,,,B20-LB-ES5-EN7-CJ23-CP841,DEPARTAMENTO DE ADMINISTRACION,"INFORMES DE GESTION
INFORMES DE ACTIVIDADES
CARTAS",16,PONTIFICIA UNIVERSIDAD JAVERIANA,VICERRECTORIA ACADEMICA,FACULTAD DE CIENCIAS ECONOMICAS Y ADMINISTRATIVAS,DEPARTAMENTO DE ADMINISTRACION,CARPETA,ARCHIVO HISTORICO,,,CONSERVACION TOTAL,,,PENDIENTE,MAESTDPVRACFACCEADEPDAD2019
,VRAC-FAC-CEA-PRE-CAE,BOG,,ACREDITACION,,ACREDITACION DE PROGRAMAS ACADEMICOS,,INFORMACION DE AUTOEVALUACION PARA LA ACREDITACION VOLUNTARIA,CERRADO,14/11/2007,ARCHIVO HISTORICO,4,,,04/09/2006,14/11/2007,,,DC,,,RO,16,B,4,1,16,784,,,B16-LB-ES4-EN1-CJ16-CP784,,"PROCESOS DISCIPLINARIOS
CARTAS",81,PONTIFICIA UNIVERSIDAD JAVERIANA,VICERRECTORIA ACADEMICA,FACULTAD DE CIENCIAS ECONOMICAS Y ADMINISTRATIVAS,CARRERA DE ADMINISTRACION DE EMPRESAS,CARPETA,ARCHIVO HISTORICO,,,CONSERVACION TOTAL,,,PENDIENTE,MAESTDPVRACFACCEAPRECAE2018
,VRAC-FAC-CEA-DEP-DAD,BOG,,ACTIVIDADES DE SERVICIO ,,ACTIVIDADES DE SERVICIO ,,CORRESPONDENCIA,CERRADO,15/10/2015,ARCHIVO HISTORICO,4,197,,20/09/2013,15/10/2015,,,DC,,,RO,20,B,5,7,22,833,,,B20-LB-ES5-EN7-CJ22-CP833,DEPARTAMENTO DE ADMINISTRACION,"CARTAS
SOLICITUDES",8,PONTIFICIA UNIVERSIDAD JAVERIANA,PONTIFICIA UNIVERSIDAD JAVERIANA,PONTIFICIA UNIVERSIDAD JAVERIANA,PONTIFICIA UNIVERSIDAD JAVERIANA,CARPETA,ARCHIVO HISTORICO,,,CONSERVACION TOTAL,,,PENDIENTE,MAESTDPVRACFACCEADEPDAD2019
,VRAC-FAC-CEA-PRE-CAE,BOG,,ACREDITACION,,ACREDITACION DE PROGRAMAS ACADEMICOS,,INFORME DE AUTOEVALUACION PARA LA ACREDITACION VOLUNTARIA,CERRADO,31/10/2003,ARCHIVO HISTORICO,4,,,06/06/2003,31/10/2003,,,DC,,,RO,16,B,3,6,9,733,,,B16-LB-ES3-EN6-CJ9-CP733,FACULTAD DE CIENCIAS ECONOMICAS Y ADMINISTRATIVAS,"PROCESO DE REFLEXION Y EVALUACION CURRICULAR
COMITE
ACTAS",30,PONTIFICIA UNIVERSIDAD JAVERIANA,VICERRECTORIA ACADEMICA,FACULTAD DE CIENCIAS ECONOMICAS Y ADMINISTRATIVAS,CARRERA DE ADMINISTRACION DE EMPRESAS,CARPETA,ARCHIVO HISTORICO,,,CONSERVACION TOTAL,,,PENDIENTE,MAESTDPVRACFACCEAPRECAE2018
,VRAC-FAC-CEA-PRE-CAE,BOG,,ACREDITACION,,ACREDITACION DE PROGRAMAS ACADEMICOS,,INFORME DE AUTOEVALUACION PARA LA ACREDITACION VOLUNTARIA,CERRADO,01/01/2004,ARCHIVO HISTORICO,5,,,15/04/2002,01/01/2004,,,DC,,,RO,16,B,3,6,10,743,,,B16-LB-ES3-EN6-CJ10-CP743,,"MEMORIA METODOLOGICA
MISION Y PROYECTO EDUCATIVO
REGLAMENTO DE UNIDADES ACADEMICAS
ESTRUCTURA ORGANIZACIONAL
PLANEACION UNIVERSITARIA
ESTATUTOS",40,PONTIFICIA UNIVERSIDAD JAVERIANA,VICERRECTORIA ACADEMICA,FACULTAD DE CIENCIAS ECONOMICAS Y ADMINISTRATIVAS,CARRERA DE ADMINISTRACION DE EMPRESAS,CARPETA,ARCHIVO HISTORICO,,,CONSERVACION TOTAL,,,PENDIENTE,MAESTDPVRACFACCEAPRECAE2018
,VRAC-FAC-CEA-DEP-DAD,BOG,,EVENTOS ,,EVENTOS INSTITUCIONALES,,CORRESPONDENCIA,CERRADO,05/11/2015,ARCHIVO HISTORICO,5,153,,19/01/2015,05/11/2015,,,DC,,,RO,21,A,2,4,26,872,,,B21-LA-ES2-EN4-CJ26-CP872,DEPARTAMENTO DE ADMINISTRACION,"INFORME
PRESUPUESTO
ASISTENTES",4,PONTIFICIA UNIVERSIDAD JAVERIANA,VICERRECTORIA ACADEMICA,FACULTAD DE CIENCIAS ECONOMICAS Y ADMINISTRATIVAS,DEPARTAMENTO DE ADMINISTRACION,CARPETA,ARCHIVO HISTORICO,,,CONSERVACION TOTAL,,,PENDIENTE,MAESTDPVRACFACCEADEPDAD2023
,VRAC-FAC-CEA-PRE-CAE,BOG,,ACREDITACION,,ACREDITACION DE PROGRAMAS ACADEMICOS,,INFORMACION DE AUTOEVALUACION PARA LA ACREDITACION VOLUNTARIA,CERRADO,11/02/2008,ARCHIVO HISTORICO,5,,,10/02/2006,11/02/2008,,,DC,,,RO,16,B,4,2,17,788,,,B16-LB-ES4-EN2-CJ17-CP788,,"PROCESOS DISCIPLINARIOS
CARTAS",85,PONTIFICIA UNIVERSIDAD JAVERIANA,VICERRECTORIA ACADEMICA,FACULTAD DE CIENCIAS ECONOMICAS Y ADMINISTRATIVAS,CARRERA DE ADMINISTRACION DE EMPRESAS,CARPETA,ARCHIVO HISTORICO,,,CONSERVACION TOTAL,,,PENDIENTE,MAESTDPVRACFACCEAPRECAE2018
,VRAC-FAC-CEA-PRE-CAE,BOG,,ACREDITACION,,ACREDITACION DE PROGRAMAS ACADEMICOS,,HOJAS DE VIDA DE PROFESORES,CERRADO,22/05/2007,ARCHIVO HISTORICO,5,,,27/06/2005,22/05/2007,,,DC,,,RO,16,B,3,7,12,758,,,B16-LB-ES3-EN7-CJ12-CP758,,OTROS DEPARTAMENTOS,55,PONTIFICIA UNIVERSIDAD JAVERIANA,VICERRECTORIA ACADEMICA,FACULTAD DE CIENCIAS ECONOMICAS Y ADMINISTRATIVAS,CARRERA DE ADMINISTRACION DE EMPRESAS,CARPETA,ARCHIVO HISTORICO,,,CONSERVACION TOTAL,,,PENDIENTE,MAESTDPVRACFACCEAPRECAE2018
,VRAC-FAC-CEA-PRE-CAE,BOG,,ACREDITACION,,ACREDITACION DE PROGRAMAS ACADEMICOS,,INFORME DE AUTOEVALUACION PARA LA ACREDITACION VOLUNTARIA,CERRADO,01/01/2004,ARCHIVO HISTORICO,6,,,01/01/2001,01/01/2004,,,DC,,,RO,16,B,4,3,20,815,,,B16-LB-ES4-EN3-CJ20-CP815,,EVALUACION DE PROFESORES,112,PONTIFICIA UNIVERSIDAD JAVERIANA,VICERRECTORIA ACADEMICA,FACULTAD DE CIENCIAS ECONOMICAS Y ADMINISTRATIVAS,CARRERA DE ADMINISTRACION DE EMPRESAS,CARPETA,ARCHIVO HISTORICO,,,CONSERVACION TOTAL,,,PENDIENTE,MAESTDPVRACFACCEAPRECAE2018
,VRAC-FAC-CEA-PRE-CAE,BOG,,ACREDITACION,,ACREDITACION DE PROGRAMAS ACADEMICOS,,HOJAS DE VIDA DE PROFESORES,CERRADO,25/05/2007,ARCHIVO HISTORICO,6,,,01/01/2007,25/05/2007,,,DC,,,RO,16,B,3,7,13,764,,,B16-LB-ES3-EN7-CJ13-CP764,,"OTROS DEPARTAMENTOS
DERECHO LABORAL
DERECHO PRIVADO
DERECHO PUBLICO
TEOLOGIA
FILOSOFIA",61,PONTIFICIA UNIVERSIDAD JAVERIANA,VICERRECTORIA ACADEMICA,FACULTAD DE CIENCIAS ECONOMICAS Y ADMINISTRATIVAS,CARRERA DE ADMINISTRACION DE EMPRESAS,CARPETA,ARCHIVO HISTORICO,,,CONSERVACION TOTAL,,,PENDIENTE,MAESTDPVRACFACCEAPRECAE2018
,VRAC-FAC-CEA-DEP-DAD,BOG,,EVENTOS ,,EVENTOS INSTITUCIONALES,,CORRESPONDENCIA,CERRADO,29/06/2016,ARCHIVO HISTORICO,6,200,,06/04/2016,29/06/2016,,,DC,,,RO,21,A,2,4,26,873,,,B21-LA-ES2-EN4-CJ26-CP873,DEPARTAMENTO DE ADMINISTRACION,"INFORME
PRESUPUESTO
ASISTENTES",5,PONTIFICIA UNIVERSIDAD JAVERIANA,VICERRECTORIA ACADEMICA,FACULTAD DE CIENCIAS ECONOMICAS Y ADMINISTRATIVAS,DEPARTAMENTO DE ADMINISTRACION,CARPETA,ARCHIVO HISTORICO,,,CONSERVACION TOTAL,,,PENDIENTE,MAESTDPVRACFACCEADEPDAD2023
,VRAC-FAC-CEA-PRE-CAE,BOG,,ACREDITACION,,ACREDITACION DE PROGRAMAS ACADEMICOS,,INFORMACION DE AUTOEVALUACION PARA LA ACREDITACION VOLUNTARIA,CERRADO,30/07/2008,ARCHIVO HISTORICO,6,,,24/01/2008,30/07/2008,,,DC,,,RO,16,B,4,1,16,786,,,B16-LB-ES4-EN1-CJ16-CP786,,"PROCESOS DISCIPLINARIOS
CARTAS",83,PONTIFICIA UNIVERSIDAD JAVERIANA,VICERRECTORIA ACADEMICA,FACULTAD DE CIENCIAS ECONOMICAS Y ADMINISTRATIVAS,CARRERA DE ADMINISTRACION DE EMPRESAS,CARPETA,ARCHIVO HISTORICO,,,CONSERVACION TOTAL,,,PENDIENTE,MAESTDPVRACFACCEAPRECAE2018
,VRAC-FAC-CEA-DEP-DAD,BOG,,ASOCIACIONES,,ASOCIACIONES DE FACULTADES DISCIPLINARES O PROFESIONALES,,CORRESPONDENCIA,CERRADO,01/09/2016,ARCHIVO HISTORICO,7,32,,30/05/2013,01/09/2016,,,DC,,,RO,20,B,5,7,23,843,,,B20-LB-ES5-EN7-CJ23-CP843,DEPARTAMENTO DE ADMINISTRACION,"CARTAS
CONVENIO
ACUERDO",18,PONTIFICIA UNIVERSIDAD JAVERIANA,VICERRECTORIA ACADEMICA,FACULTAD DE CIENCIAS ECONOMICAS Y ADMINISTRATIVAS,DEPARTAMENTO DE ADMINISTRACION,CARPETA,ARCHIVO HISTORICO,,,CONSERVACION TOTAL,,,PENDIENTE,MAESTDPVRACFACCEADEPDAD2019
,VRAC-FAC-CEA-PRE-CAE,BOG,,ACREDITACION,,ACREDITACION DE PROGRAMAS ACADEMICOS,,INFORME DE AUTOEVALUACION PARA LA ACREDITACION VOLUNTARIA,CERRADO,27/01/2004,ARCHIVO HISTORICO,7,,,15/12/2003,27/01/2004,,,DC,,,RO,16,B,3,7,13,766,,,B16-LB-ES3-EN7-CJ13-CP766,,REGISTRO CALIFICADO DOCUMENTO CENTRAL ANEXO 1,63,PONTIFICIA UNIVERSIDAD JAVERIANA,VICERRECTORIA ACADEMICA,FACULTAD DE CIENCIAS ECONOMICAS Y ADMINISTRATIVAS,CARRERA DE ADMINISTRACION DE EMPRESAS,CARPETA,ARCHIVO HISTORICO,,,CONSERVACION TOTAL,,,PENDIENTE,MAESTDPVRACFACCEAPRECAE2018
,VRAC-FAC-CEA-PRE-CAE,BOG,,ACREDITACION,,ACREDITACION DE PROGRAMAS ACADEMICOS,,HOJAS DE VIDA DE PROFESORES,CERRADO,27/05/2007,ARCHIVO HISTORICO,7,,,01/01/2006,27/05/2007,,,DC,,,RO,16,B,3,7,12,759,,,B16-LB-ES3-EN7-CJ12-CP759,,"OTROS DEPARTAMENTOS
CONTADURIA PUBLICA Y ECONOMIA",56,PONTIFICIA UNIVERSIDAD JAVERIANA,VICERRECTORIA ACADEMICA,FACULTAD DE CIENCIAS ECONOMICAS Y ADMINISTRATIVAS,CARRERA DE ADMINISTRACION DE EMPRESAS,CARPETA,ARCHIVO HISTORICO,,,CONSERVACION TOTAL,,,PENDIENTE,MAESTDPVRACFACCEAPRECAE2018
,VRAC-FAC-CEA-PRE-CAE,BOG,,ACREDITACION,,ACREDITACION DE PROGRAMAS ACADEMICOS,,INFORMACION DE AUTOEVALUACION PARA LA ACREDITACION VOLUNTARIA,CERRADO,30/07/2008,ARCHIVO HISTORICO,7,,,24/01/2008,30/07/2008,,,DC,,,RO,16,B,4,1,16,787,,,B16-LB-ES4-EN1-CJ16-CP787,,"PROCESOS DISCIPLINARIOS
CARTAS",84,PONTIFICIA UNIVERSIDAD JAVERIANA,VICERRECTORIA ACADEMICA,FACULTAD DE CIENCIAS ECONOMICAS Y ADMINISTRATIVAS,CARRERA DE ADMINISTRACION DE EMPRESAS,CARPETA,ARCHIVO HISTORICO,,,CONSERVACION TOTAL,,,PENDIENTE,MAESTDPVRACFACCEAPRECAE2018
,VRAC-FAC-CEA-PRE-CAE,BOG,,ACREDITACION,,ACREDITACION DE PROGRAMAS ACADEMICOS,,INFORME DE AUTOEVALUACION PARA LA ACREDITACION VOLUNTARIA,CERRADO,01/05/2004,ARCHIVO HISTORICO,8,,,01/01/2002,01/05/2004,,,DC,,,RO,16,B,3,7,13,765,,,B16-LB-ES3-EN7-CJ13-CP765,,REGRISTRO CALIFICADO DOCUMENTO CENTRAL,62,PONTIFICIA UNIVERSIDAD JAVERIANA,VICERRECTORIA ACADEMICA,FACULTAD DE CIENCIAS ECONOMICAS Y ADMINISTRATIVAS,CARRERA DE ADMINISTRACION DE EMPRESAS,CARPETA,ARCHIVO HISTORICO,,,CONSERVACION TOTAL,,,PENDIENTE,MAESTDPVRACFACCEAPRECAE2018
,VRAC-FAC-CEA-DEP-DAD,BOG,,EVENTOS ,,EVENTOS INSTITUCIONALES,,CORRESPONDENCIA,CERRADO,01/12/2016,ARCHIVO HISTORICO,8,200,,28/06/2016,01/12/2016,,,DC,,,RO,21,A,2,4,26,874,,,B21-LA-ES2-EN4-CJ26-CP874,DEPARTAMENTO DE ADMINISTRACION,"INFORME
PRESUPUESTO
ASISTENTES",6,PONTIFICIA UNIVERSIDAD JAVERIANA,VICERRECTORIA ACADEMICA,FACULTAD DE CIENCIAS ECONOMICAS Y ADMINISTRATIVAS,DEPARTAMENTO DE ADMINISTRACION,CARPETA,ARCHIVO HISTORICO,,,CONSERVACION TOTAL,,,PENDIENTE,MAESTDPVRACFACCEADEPDAD2023
,VRAC-FAC-CEA-PRE-CAE,BOG,,ACREDITACION,,ACREDITACION DE PROGRAMAS ACADEMICOS,,HOJAS DE VIDA DE PROFESORES,CERRADO,17/08/2007,ARCHIVO HISTORICO,8,,,15/08/2007,17/08/2007,,,DC,,,RO,16,B,3,7,13,762,,,B16-LB-ES3-EN7-CJ13-CP762,,"OTROS DEPARTAMENTOS
MATEMATICAS",59,PONTIFICIA UNIVERSIDAD JAVERIANA,VICERRECTORIA ACADEMICA,FACULTAD DE CIENCIAS ECONOMICAS Y ADMINISTRATIVAS,CARRERA DE ADMINISTRACION DE EMPRESAS,CARPETA,ARCHIVO HISTORICO,,,CONSERVACION TOTAL,,,PENDIENTE,MAESTDPVRACFACCEAPRECAE2018
,VRAC-FAC-CEA-PRE-CAE,BOG,,ACREDITACION,,ACREDITACION DE PROGRAMAS ACADEMICOS,,INFORMACION DE AUTOEVALUACION PARA LA ACREDITACION VOLUNTARIA,CERRADO,19/08/2008,ARCHIVO HISTORICO,8,,,20/02/2008,19/08/2008,,,DC,,,RO,16,B,4,1,16,785,,,B16-LB-ES4-EN1-CJ16-CP785,,"PROCESOS DISCIPLINARIOS
CARTAS",82,PONTIFICIA UNIVERSIDAD JAVERIANA,VICERRECTORIA ACADEMICA,FACULTAD DE CIENCIAS ECONOMICAS Y ADMINISTRATIVAS,CARRERA DE ADMINISTRACION DE EMPRESAS,CARPETA,ARCHIVO HISTORICO,,,CONSERVACION TOTAL,,,PENDIENTE,MAESTDPVRACFACCEAPRECAE2018
,VRAC-FAC-CEA-PRE-CAE,BOG,,ACREDITACION,,ACREDITACION DE PROGRAMAS ACADEMICOS,,INFORME DE AUTOEVALUACION PARA LA ACREDITACION VOLUNTARIA,CERRADO,01/05/2004,ARCHIVO HISTORICO,9,,,01/09/2002,01/05/2004,,,DC,,,RO,16,B,4,1,14,768,,,B16-LB-ES4-EN1-CJ14-CP768,,REGISTRO CALIFICADO DOCUMENTO CENTRAL ANEXO 2,65,PONTIFICIA UNIVERSIDAD JAVERIANA,VICERRECTORIA ACADEMICA,FACULTAD DE CIENCIAS ECONOMICAS Y ADMINISTRATIVAS,CARRERA DE ADMINISTRACION DE EMPRESAS,CARPETA,ARCHIVO HISTORICO,,,CONSERVACION TOTAL,,,PENDIENTE,MAESTDPVRACFACCEAPRECAE2018
,VRAC-FAC-CEA-DEP-DAD,BOG,,EVENTOS ,,EVENTOS INSTITUCIONALES,,CORRESPONDENCIA,CERRADO,19/04/2017,ARCHIVO HISTORICO,9,202,,02/12/2016,19/04/2017,,,DC,,,RO,21,A,2,4,26,875,,,B21-LA-ES2-EN4-CJ26-CP875,DEPARTAMENTO DE ADMINISTRACION,"INFORME
PRESUPUESTO
ASISTENTES",7,PONTIFICIA UNIVERSIDAD JAVERIANA,VICERRECTORIA ACADEMICA,FACULTAD DE CIENCIAS ECONOMICAS Y ADMINISTRATIVAS,DEPARTAMENTO DE ADMINISTRACION,CARPETA,ARCHIVO HISTORICO,,,CONSERVACION TOTAL,,,PENDIENTE,MAESTDPVRACFACCEADEPDAD2023
,VRAC-FAC-CEA-PRE-CAE,BOG,,ACREDITACION,,ACREDITACION DE PROGRAMAS ACADEMICOS,,INFORMACION DE AUTOEVALUACION PARA LA ACREDITACION VOLUNTARIA,CERRADO,19/05/2014,ARCHIVO HISTORICO,9,,,09/04/2007,19/05/2014,,,DC,,,RO,16,B,4,2,17,792,,,B16-LB-ES4-EN2-CJ17-CP792,,"PAUTAS PUBLICITARIAS
CD
PUBLICACIONES",89,PONTIFICIA UNIVERSIDAD JAVERIANA,VICERRECTORIA ACADEMICA,FACULTAD DE CIENCIAS ECONOMICAS Y ADMINISTRATIVAS,CARRERA DE ADMINISTRACION DE EMPRESAS,CARPETA,ARCHIVO HISTORICO,INCLUYE 1 CD,,CONSERVACION TOTAL,,,PENDIENTE,MAESTDPVRACFACCEAPRECAE2018
,VRAC-FAC-CEA-PRE-CAE,BOG,,ACREDITACION,,ACREDITACION DE PROGRAMAS ACADEMICOS,,HOJAS DE VIDA DE PROFESORES,CERRADO,21/08/2007,ARCHIVO HISTORICO,9,,,30/05/2007,21/08/2007,,,DC,,,RO,16,B,3,7,13,763,,,B16-LB-ES3-EN7-CJ13-CP763,,"OTROS DEPARTAMENTOS
INGENIERIAS",60,PONTIFICIA UNIVERSIDAD JAVERIANA,VICERRECTORIA ACADEMICA,FACULTAD DE CIENCIAS ECONOMICAS Y ADMINISTRATIVAS,CARRERA DE ADMINISTRACION DE EMPRESAS,CARPETA,ARCHIVO HISTORICO,,,CONSERVACION TOTAL,,,PENDIENTE,MAESTDPVRACFACCEAPRECAE2018
,VRAC-FAC-CEA-PRE-CAE,BOG,,ACREDITACION,,ACREDITACION DE PROGRAMAS ACADEMICOS,,INFORME DE AUTOEVALUACION PARA LA ACREDITACION VOLUNTARIA,CERRADO,01/07/2004,ARCHIVO HISTORICO,10,,,19/04/2004,01/07/2004,,,DC,,,RO,16,B,4,3,20,820,,,B16-LB-ES4-EN3-CJ20-CP820,,"INFORME DE ACTIVIDADES DE LA FACULTAD DE CIENCIAS ECONOMICAS Y ADMINISTRATIVAS, DEPARTAMENTOS DE ECONOMIA, CIENCIAS CONTABLES, CARRERAS CONTADURÍA, ECONOMÍA Y ADMINISTRACIÓN
1/2",117,PONTIFICIA UNIVERSIDAD JAVERIANA,VICERRECTORIA ACADEMICA,FACULTAD DE CIENCIAS ECONOMICAS Y ADMINISTRATIVAS,CARRERA DE ADMINISTRACION DE EMPRESAS,CARPETA,ARCHIVO HISTORICO,,,CONSERVACION TOTAL,,,PENDIENTE,MAESTDPVRACFACCEAPRECAE2018
,VRAC-FAC-CEA-DEP-DAD,BOG,,EVENTOS ,,EVENTOS INSTITUCIONALES,,CORRESPONDENCIA,CERRADO,14/09/2018,ARCHIVO HISTORICO,10,137,,19/06/2018,14/09/2018,,,DC,,,RO,21,A,2,4,26,878,,,B21-LA-ES2-EN4-CJ26-CP878,DEPARTAMENTO DE ADMINISTRACION,"INFORME
PRESUPUESTO
ASISTENTES",10,PONTIFICIA UNIVERSIDAD JAVERIANA,VICERRECTORIA ACADEMICA,FACULTAD DE CIENCIAS ECONOMICAS Y ADMINISTRATIVAS,DEPARTAMENTO DE ADMINISTRACION,CARPETA,ARCHIVO HISTORICO,,,CONSERVACION TOTAL,,,PENDIENTE,MAESTDPVRACFACCEADEPDAD2023
,VRAC-FAC-CEA-PRE-CAE,BOG,,ACREDITACION,,ACREDITACION DE PROGRAMAS ACADEMICOS,,HOJAS DE VIDA DE PROFESORES,CERRADO,29/08/2007,ARCHIVO HISTORICO,10,,,21/01/2005,29/08/2007,,,DC,,,RO,16,B,3,7,13,761,,,B16-LB-ES3-EN7-CJ13-CP761,,"OTROS DEPARTAMENTOS
SOCIOLOGIA
ECOLOGIA Y TERRITORIO
LENGUAS MODERNAS",58,PONTIFICIA UNIVERSIDAD JAVERIANA,VICERRECTORIA ACADEMICA,FACULTAD DE CIENCIAS ECONOMICAS Y ADMINISTRATIVAS,CARRERA DE ADMINISTRACION DE EMPRESAS,CARPETA,ARCHIVO HISTORICO,,,CONSERVACION TOTAL,,,PENDIENTE,MAESTDPVRACFACCEAPRECAE2018
,VRAC-FAC-CEA-PRE-CAE,BOG,,ACREDITACION,,ACREDITACION DE PROGRAMAS ACADEMICOS,,INFORME DE AUTOEVALUACION PARA LA ACREDITACION VOLUNTARIA,CERRADO,01/07/2004,ARCHIVO HISTORICO,11,,,01/06/2004,01/07/2004,,,DC,,,RO,16,B,4,3,20,821,,,B16-LB-ES4-EN3-CJ20-CP821,,"INFORME DE ACTIVIDADES DE LA FACULTAD DE CIENCIAS ECONOMICAS Y ADMINISTRATIVAS, DEPARTAMENTOS DE ECONOMIA, CIENCIAS CONTABLES, CARRERAS CONTADURÍA, ECONOMÍA Y ADMINISTRACIÓN
2/2",118,PONTIFICIA UNIVERSIDAD JAVERIANA,VICERRECTORIA ACADEMICA,FACULTAD DE CIENCIAS ECONOMICAS Y ADMINISTRATIVAS,CARRERA DE ADMINISTRACION DE EMPRESAS,CARPETA,ARCHIVO HISTORICO,,,CONSERVACION TOTAL,,,PENDIENTE,MAESTDPVRACFACCEAPRECAE2018
,VRAC-FAC-CEA-PRE-CAE,BOG,,ACREDITACION,,ACREDITACION DE PROGRAMAS ACADEMICOS,,HOJAS DE VIDA DE PROFESORES,CERRADO,14/04/2008,ARCHIVO HISTORICO,11,,,14/04/2008,14/04/2008,,,DC,,,RO,16,B,3,7,12,754,,,B16-LB-ES3-EN7-CJ12-CP754,,PROFESORES DE PLANTA DEL DEPARTAMENTO DE ADMINISTRACION DE EMPRESAS,51,PONTIFICIA UNIVERSIDAD JAVERIANA,VICERRECTORIA ACADEMICA,FACULTAD DE CIENCIAS ECONOMICAS Y ADMINISTRATIVAS,CARRERA DE ADMINISTRACION DE EMPRESAS,CARPETA,ARCHIVO HISTORICO,,,CONSERVACION TOTAL,,,PENDIENTE,MAESTDPVRACFACCEAPRECAE2018
,VRAC-FAC-CEA-PRE-CAE,BOG,,ACREDITACION,,ACREDITACION DE PROGRAMAS ACADEMICOS,,HOJAS DE VIDA DE PROFESORES,CERRADO,01/01/2012,ARCHIVO HISTORICO,12,,,01/01/2008,01/01/2012,,,DC,,,RO,16,B,4,2,17,790,,,B16-LB-ES4-EN2-CJ17-CP790,,HOJAS DE VIDA Y SOPORTES,87,PONTIFICIA UNIVERSIDAD JAVERIANA,VICERRECTORIA ACADEMICA,FACULTAD DE CIENCIAS ECONOMICAS Y ADMINISTRATIVAS,CARRERA DE ADMINISTRACION DE EMPRESAS,CARPETA,ARCHIVO HISTORICO,,,CONSERVACION TOTAL,,,PENDIENTE,MAESTDPVRACFACCEAPRECAE2018
,VRAC-FAC-CEA-PRE-CAE,BOG,,ACREDITACION,,ACREDITACION DE PROGRAMAS ACADEMICOS,,INFORME DE AUTOEVALUACION PARA LA ACREDITACION VOLUNTARIA,CERRADO,03/09/2004,ARCHIVO HISTORICO,12,,,22/11/2003,03/09/2004,,,DC,,,RO,16,B,3,7,13,767,,,B16-LB-ES3-EN7-CJ13-CP767,,"REGISTRO CALIFICADO DOCUMENTO
ANEXOS",64,PONTIFICIA UNIVERSIDAD JAVERIANA,VICERRECTORIA ACADEMICA,FACULTAD DE CIENCIAS ECONOMICAS Y ADMINISTRATIVAS,CARRERA DE ADMINISTRACION DE EMPRESAS,CARPETA,ARCHIVO HISTORICO,,,CONSERVACION TOTAL,,,PENDIENTE,MAESTDPVRACFACCEAPRECAE2018
,VRAC-FAC-CEA-PRE-CAE,BOG,,ACREDITACION,,ACREDITACION DE PROGRAMAS ACADEMICOS,,INFORME DE AUTOEVALUACION PARA LA ACREDITACION VOLUNTARIA,CERRADO,01/01/2005,ARCHIVO HISTORICO,13,,,01/01/2004,01/01/2005,,,DC,,,RO,16,B,4,1,14,769,,,B16-LB-ES4-EN1-CJ14-CP769,,"REGISTRO CALIFICADO
PROCEDIMIENTO DE EVALUACIONES DE PROFESORES",66,PONTIFICIA UNIVERSIDAD JAVERIANA,VICERRECTORIA ACADEMICA,FACULTAD DE CIENCIAS ECONOMICAS Y ADMINISTRATIVAS,CARRERA DE ADMINISTRACION DE EMPRESAS,CARPETA,ARCHIVO HISTORICO,,,CONSERVACION TOTAL,,,PENDIENTE,MAESTDPVRACFACCEAPRECAE2018
,VRAC-FAC-CEA-PRE-CAE,BOG,,ACREDITACION,,ACREDITACION DE PROGRAMAS ACADEMICOS,,HOJAS DE VIDA DE PROFESORES,CERRADO,01/07/2014,ARCHIVO HISTORICO,13,,,01/11/2010,01/07/2014,,,DC,,,RO,16,B,4,2,17,791,,,B16-LB-ES4-EN2-CJ17-CP791,,HOJAS DE VIDA Y SOPORTES,88,PONTIFICIA UNIVERSIDAD JAVERIANA,VICERRECTORIA ACADEMICA,FACULTAD DE CIENCIAS ECONOMICAS Y ADMINISTRATIVAS,CARRERA DE ADMINISTRACION DE EMPRESAS,CARPETA,ARCHIVO HISTORICO,,,CONSERVACION TOTAL,,,PENDIENTE,MAESTDPVRACFACCEAPRECAE2018
,VRAC-FAC-CEA-PRE-CAE,BOG,,ACREDITACION,,ACREDITACION DE PROGRAMAS ACADEMICOS,,INFORME DE AUTOEVALUACION PARA LA ACREDITACION VOLUNTARIA,CERRADO,29/04/2005,ARCHIVO HISTORICO,14,,,02/05/2004,29/04/2005,,,DC,,,RO,16,B,4,2,18,803,,,B16-LB-ES4-EN2-CJ18-CP803,,"PLANES ESTRATEGICOS UNIDADES ACADEMICAS 2005
CARTAS",100,PONTIFICIA UNIVERSIDAD JAVERIANA,VICERRECTORIA ACADEMICA,FACULTAD DE CIENCIAS ECONOMICAS Y ADMINISTRATIVAS,CARRERA DE ADMINISTRACION DE EMPRESAS,CARPETA,ARCHIVO HISTORICO,,,CONSERVACION TOTAL,,,PENDIENTE,MAESTDPVRACFACCEAPRECAE2018
,VRAC-FAC-CEA-PRE-CAE,BOG,,ACREDITACION,,ACREDITACION DE PROGRAMAS ACADEMICOS,,INFORME DE AUTOEVALUACION PARA LA ACREDITACION VOLUNTARIA,CERRADO,01/06/2005,ARCHIVO HISTORICO,15,,,01/06/2000,01/06/2005,,,DC,,,RO,16,B,3,7,11,746,,,B16-LB-ES3-EN7-CJ11-CP746,,"DOCUMENTOS COMITES DE INVESTIGACION Y ETICA
LOS GRUPOS DE INVESTIGACION EN EL DEPARTAMENTO DE ADMINISTRACION
CUARDENOS DE ADMINISTRACION
DOCUMENTOS ADMINISTRATIVOS
REVISTA GERENCIA Y POLITICAS DE SALUD
ORGANIZACION PLANTA FISICA
INFORME DE BIBLIOTECA GENERAL",43,PONTIFICIA UNIVERSIDAD JAVERIANA,VICERRECTORIA ACADEMICA,FACULTAD DE CIENCIAS ECONOMICAS Y ADMINISTRATIVAS,CARRERA DE ADMINISTRACION DE EMPRESAS,CARPETA,ARCHIVO HISTORICO,,,CONSERVACION TOTAL,,,PENDIENTE,MAESTDPVRACFACCEAPRECAE2018
,VRAC-FAC-CEA-PRE-CAE,BOG,,ACREDITACION,,ACREDITACION DE PROGRAMAS ACADEMICOS,,INFORME DE AUTOEVALUACION PARA LA ACREDITACION VOLUNTARIA,CERRADO,24/08/2005,ARCHIVO HISTORICO,16,,,24/08/2005,24/08/2005,,,DC,,,RO,16,B,4,2,19,810,,,B16-LB-ES4-EN2-CJ19-CP810,,"ANEXO 33 AL 39 DOCUMENTOS COMITE DE INVESTIGACION Y ETICA CIE
LOS GRUPOS DE INVESTIGACION EN EL DEPARTAMENTO DE ADMMINISTRACION
CUADERNOS DE ADMINISTRACION
DOCUMENTOS DE ADMINISTRACION
REVISTA GERENCIA Y POLITICAS DE SALUD
ORGANIZACION DE PLANTA FISICA
INFORME DE BIBLIOTECA GENERAL",107,PONTIFICIA UNIVERSIDAD JAVERIANA,VICERRECTORIA ACADEMICA,FACULTAD DE CIENCIAS ECONOMICAS Y ADMINISTRATIVAS,CARRERA DE ADMINISTRACION DE EMPRESAS,CARPETA,ARCHIVO HISTORICO,,,CONSERVACION TOTAL,,,PENDIENTE,MAESTDPVRACFACCEAPRECAE2018
,,,,,,,,,,,,16,,,,,,,,,,,,,,,,,,,,,,,,,,,,,,,,,,,
,VRAC-FAC-CEA-PRE-CAE,BOG,,ACREDITACION,,ACREDITACION DE PROGRAMAS ACADEMICOS,,INFORME DE AUTOEVALUACION PARA LA ACREDITACION VOLUNTARIA,CERRADO,13/12/2005,ARCHIVO HISTORICO,17,,,01/03/2005,13/12/2005,,,DC,,,RO,16,B,4,2,18,799,,,B16-LB-ES4-EN2-CJ18-CP799,,"EDUCACION CONTINUA
PROPUESTA DE CURSOS
DIPLOMADOS
SEMINARIOS
FORMULARIOS DE INSCRIPCION",96,PONTIFICIA UNIVERSIDAD JAVERIANA,VICERRECTORIA ACADEMICA,FACULTAD DE CIENCIAS ECONOMICAS Y ADMINISTRATIVAS,CARRERA DE ADMINISTRACION DE EMPRESAS,CARPETA,ARCHIVO HISTORICO,,,CONSERVACION TOTAL,,,PENDIENTE,MAESTDPVRACFACCEAPRECAE2018
,VRAC-FAC-CEA-PRE-CAE,BOG,,ACREDITACION,,ACREDITACION DE PROGRAMAS ACADEMICOS,,INFORME DE AUTOEVALUACION PARA LA ACREDITACION VOLUNTARIA,CERRADO,01/01/2006,ARCHIVO HISTORICO,18,,,01/01/2006,01/01/2006,,,DC,,,RO,},B,3,7,11,747,,,B16-LB-ES3-EN7-CJ11-CP747,,"PROGRAMAS Y PROYECTOS DEL MEDIO UNIVERSITARIO
PROGRAMA DE INDUCCION A ESTUDIANTES NEOJAVERIANOS
PROGRAMA SIGUEME
SIMPOSIO NACIONAL DE DOCENTES DE FINANZAS
POSGRADOS EN ADMINISTRACION",44,PONTIFICIA UNIVERSIDAD JAVERIANA,VICERRECTORIA ACADEMICA,FACULTAD DE CIENCIAS ECONOMICAS Y ADMINISTRATIVAS,CARRERA DE ADMINISTRACION DE EMPRESAS,CARPETA,ARCHIVO HISTORICO,,,CONSERVACION TOTAL,,,PENDIENTE,MAESTDPVRACFACCEAPRECAE2018
,VRAC-FAC-CEA-PRE-CAE,BOG,,ACREDITACION,,ACREDITACION DE PROGRAMAS ACADEMICOS,,INFORME DE AUTOEVALUACION PARA LA ACREDITACION VOLUNTARIA,CERRADO,01/01/2006,ARCHIVO HISTORICO,19,,,01/01/2006,01/01/2006,,,DC,,,RO,16,B,3,7,11,748,,,B16-LB-ES3-EN7-CJ11-CP748,,"POSGRADOS EN ADMINISTRACION EN SALUD
GRUPOS DE ESTUDIOS EN ETICA Y RESPONSABILIDAD SOCIAL EMPRESARIAL
EMPRENDIMIENTO
EDUCACION CONTINUA
VISITAS EMPRESARIALES
CALIFICACION POR CARACTERISTICAS",45,PONTIFICIA UNIVERSIDAD JAVERIANA,VICERRECTORIA ACADEMICA,FACULTAD DE CIENCIAS ECONOMICAS Y ADMINISTRATIVAS,CARRERA DE ADMINISTRACION DE EMPRESAS,CARPETA,ARCHIVO HISTORICO,,,CONSERVACION TOTAL,,,PENDIENTE,MAESTDPVRACFACCEAPRECAE2018
,VRAC-FAC-CEA-PRE-CAE,BOG,,ACREDITACION,,ACREDITACION DE PROGRAMAS ACADEMICOS,,INFORME DE AUTOEVALUACION PARA LA ACREDITACION VOLUNTARIA,CERRADO,01/03/2006,ARCHIVO HISTORICO,20,,,01/01/2002,01/03/2006,,,DC,,,RO,16,B,3,6,10,745,,,B16-LB-ES3-EN6-CJ10-CP745,,"MALLAS CURRICULARES VIGENTES
DIRECTRIZ ENSEÑANZA DE LA CONSTITUCION POLITICA
DIRECTRIZ SISTEMA DE CREDITOS ACADEMICOS
DIRECTRIZ REQUISITO DE SEGUNDA LENGUA EN LA UNIVERSIDAD
DIRECTRIZ ENSEÑANZA DE LA FILOSOFIA Y TEOLOGIA
ACUERDO 002 DE 2004 DE CONSEJO DE FACULTAD
JORNADA DE INDUCCION LOCAL PROFESORES CATEDRA
PROCEDIMIENTO DE SELECCION Y CONTRATACION DE PROFESORES
LISTADO DE PROFESORES
DOCUMENTO DE CONSEJERIA ACADEMICA
PLAN DE FORMACION PERMANENTE DEL PROFESOR JAVERIANO
NORMATIVIDAD INSTITUCUIONAL DOBLE PROGRAMA",42,PONTIFICIA UNIVERSIDAD JAVERIANA,VICERRECTORIA ACADEMICA,FACULTAD DE CIENCIAS ECONOMICAS Y ADMINISTRATIVAS,CARRERA DE ADMINISTRACION DE EMPRESAS,CARPETA,ARCHIVO HISTORICO,,,CONSERVACION TOTAL,,,PENDIENTE,MAESTDPVRACFACCEAPRECAE2018
,VRAC-FAC-CEA-PRE-CAE,BOG,,ACREDITACION,,ACREDITACION DE PROGRAMAS ACADEMICOS,,INFORME DE AUTOEVALUACION PARA LA ACREDITACION VOLUNTARIA,CERRADO,01/04/2006,ARCHIVO HISTORICO,21,,,01/01/2006,01/04/2006,,,DC,,,RO,16,B,4,2,19,811,,,B16-LB-ES4-EN2-CJ19-CP811,,"ANEXOS 40 AL 47 PROGRAMAS Y PROYECTOS DEL MEDIO UNIVERISTARIO
PLAN DE INDUCCION A ESTUDIANTES NEOJAVERIANOS
LISTADO DE UNIVERSIDADES CON LAS CUALES SE TIENE CONVENIOS DE INTERCAMBIOS INTERNACIONALES, TANTO MULTILATERALES, COMO BILATERALES Y AUSJAL
PROGRAMA SIGUEME
CONVENIOS VIGENTES DE PRACTICAS EMPRESARIALES
SIMPOSIO DE FINANZAS
PRACTICAS UNIVERSITARIAS
POSGRADOS EN ADMINISTRACION",108,PONTIFICIA UNIVERSIDAD JAVERIANA,VICERRECTORIA ACADEMICA,FACULTAD DE CIENCIAS ECONOMICAS Y ADMINISTRATIVAS,CARRERA DE ADMINISTRACION DE EMPRESAS,CARPETA,ARCHIVO HISTORICO,,,CONSERVACION TOTAL,,,PENDIENTE,MAESTDPVRACFACCEAPRECAE2018
,VRAC-FAC-CEA-PRE-CAE,BOG,,ACREDITACION,,ACREDITACION DE PROGRAMAS ACADEMICOS,,INFORME DE AUTOEVALUACION PARA LA ACREDITACION VOLUNTARIA,CERRADO,17/04/2006,ARCHIVO HISTORICO,22,,,01/01/2004,17/04/2006,,,DC,,,RO,16,B,4,3,20,816,,,B16-LB-ES4-EN3-CJ20-CP816,,EVALUACION DE PROFESORES,113,PONTIFICIA UNIVERSIDAD JAVERIANA,VICERRECTORIA ACADEMICA,FACULTAD DE CIENCIAS ECONOMICAS Y ADMINISTRATIVAS,CARRERA DE ADMINISTRACION DE EMPRESAS,CARPETA,ARCHIVO HISTORICO,,,CONSERVACION TOTAL,,,PENDIENTE,MAESTDPVRACFACCEAPRECAE2018
,VRAC-FAC-CEA-PRE-CAE,BOG,,ACREDITACION,,ACREDITACION DE PROGRAMAS ACADEMICOS,,INFORME DE AUTOEVALUACION PARA LA ACREDITACION VOLUNTARIA,CERRADO,09/06/2006,ARCHIVO HISTORICO,23,,,05/06/2006,09/06/2006,,,DC,,,RO,16,B,4,2,19,805,,,B16-LB-ES4-EN2-CJ19-CP805,,GRUPOS ESTUDIANTILES,102,PONTIFICIA UNIVERSIDAD JAVERIANA,VICERRECTORIA ACADEMICA,FACULTAD DE CIENCIAS ECONOMICAS Y ADMINISTRATIVAS,CARRERA DE ADMINISTRACION DE EMPRESAS,CARPETA,ARCHIVO HISTORICO,,,CONSERVACION TOTAL,,,PENDIENTE,MAESTDPVRACFACCEAPRECAE2018
,VRAC-FAC-CEA-PRE-CAE,BOG,,ACREDITACION,,ACREDITACION DE PROGRAMAS ACADEMICOS,,INFORME DE AUTOEVALUACION PARA LA ACREDITACION VOLUNTARIA,CERRADO,14/06/2006,ARCHIVO HISTORICO,24,,,14/08/2002,14/06/2006,,,DC,,,RO,16,B,4,2,19,808,,,B16-LB-ES4-EN2-CJ19-CP808,,"ANEXOS 20 AL 31 DIRECTRIZ SOBRE EL SISTEMA DE CREDITOS ACADEMICOS
DIRECTRIZ SOBRE EL REQUISITO DE UNA SEGUNDA LENGUA EN LA UNIVERSIDAD
DIRECTRIZ SOBRE LA ENSEÑANZA DE LA FILOSOFIA Y LA TEOLOGIA
ACUERDO 002 DE 2004 DEL COSEJO DE  FACULTAD
JORNADA DE INDUCCION LOCAL
PROCEDIMIENTOS DE SELECCION Y CONTRATACION DE PROFESORES
LISTADO DE PROFESORES DEL PROGRAMA
DOCUMENTO DE CONSEJERIA ACADEMICA
PLAN DE FORMACION PERMANENTE DEL PROFESOR JAVERIANO
PROGRAMA DE PROFESIONALIZACION DOCENTE
NORMATIVIDAD INSTITUCIONAL PARA DOBLE PROGRAMA",105,PONTIFICIA UNIVERSIDAD JAVERIANA,VICERRECTORIA ACADEMICA,FACULTAD DE CIENCIAS ECONOMICAS Y ADMINISTRATIVAS,CARRERA DE ADMINISTRACION DE EMPRESAS,CARPETA,ARCHIVO HISTORICO,,,CONSERVACION TOTAL,,,PENDIENTE,MAESTDPVRACFACCEAPRECAE2018
,VRAC-FAC-CEA-PRE-CAE,BOG,,ACREDITACION,,ACREDITACION DE PROGRAMAS ACADEMICOS,,INFORME DE AUTOEVALUACION PARA LA ACREDITACION VOLUNTARIA,CERRADO,01/07/2006,ARCHIVO HISTORICO,25,,,01/12/2005,01/07/2006,,,DC,,,RO,16,B,4,3,20,812,,,B16-LB-ES4-EN3-CJ20-CP812,,"ANEXO 48 AL 51 POSGRADOS EN ADMINISTRACION
POSGRADOS EN ADMINISTRACION EN SALUD, GERSE, EMPRENDIMIENTO, EDUCACION CONTINUA",109,PONTIFICIA UNIVERSIDAD JAVERIANA,VICERRECTORIA ACADEMICA,FACULTAD DE CIENCIAS ECONOMICAS Y ADMINISTRATIVAS,CARRERA DE ADMINISTRACION DE EMPRESAS,CARPETA,ARCHIVO HISTORICO,,,CONSERVACION TOTAL,,,PENDIENTE,MAESTDPVRACFACCEAPRECAE2018
,VRAC-FAC-CEA-PRE-CAE,BOG,,ACREDITACION,,ACREDITACION DE PROGRAMAS ACADEMICOS,,INFORME DE AUTOEVALUACION PARA LA ACREDITACION VOLUNTARIA,CERRADO,22/08/2006,ARCHIVO HISTORICO,26,,,10/07/2002,22/08/2006,,,DC,,,RO,16,B,4,2,18,801,,,B16-LB-ES4-EN2-CJ18-CP801,,"FUNCIONES DE LOS CARGOS DE LA CARRERA DE ADMINISTRACION DE EMPRESAS
CARTA DE APROBACION
CARGOS",98,PONTIFICIA UNIVERSIDAD JAVERIANA,VICERRECTORIA ACADEMICA,FACULTAD DE CIENCIAS ECONOMICAS Y ADMINISTRATIVAS,CARRERA DE ADMINISTRACION DE EMPRESAS,CARPETA,ARCHIVO HISTORICO,,,CONSERVACION TOTAL,,,PENDIENTE,MAESTDPVRACFACCEAPRECAE2018
,VRAC-FAC-CEA-PRE-CAE,BOG,,ACREDITACION,,ACREDITACION DE PROGRAMAS ACADEMICOS,,INFORME DE AUTOEVALUACION PARA LA ACREDITACION VOLUNTARIA,CERRADO,01/11/2006,ARCHIVO HISTORICO,27,,,01/11/2006,01/11/2006,,,DC,,,RO,16,B,4,2,19,809,,,B16-LB-ES4-EN2-CJ19-CP809,,ANEXO 32 LISTADOS DE TRABAJOS DE GRADO DEL PROGRAMA DE ADMINISTRACION DE EMPRESAS 2000 A 2005,106,PONTIFICIA UNIVERSIDAD JAVERIANA,VICERRECTORIA ACADEMICA,FACULTAD DE CIENCIAS ECONOMICAS Y ADMINISTRATIVAS,CARRERA DE ADMINISTRACION DE EMPRESAS,CARPETA,ARCHIVO HISTORICO,,,CONSERVACION TOTAL,,,PENDIENTE,MAESTDPVRACFACCEAPRECAE2018
,VRAC-FAC-CEA-PRE-CAE,BOG,,ACREDITACION,,ACREDITACION DE PROGRAMAS ACADEMICOS,,INFORME DE AUTOEVALUACION PARA LA ACREDITACION VOLUNTARIA,CERRADO,29/11/2006,ARCHIVO HISTORICO,28,,,11/11/2004,29/11/2006,,,DC,,,RO,16,B,4,2,19,807,,,B16-LB-ES4-EN2-CJ19-CP807,,"ANEXOS 12 AL 19 REGLAMENTO DE EMBLEMAS
SIMBOLOS Y DISTINCIONES
PLANEACION ESTRATEGICA DE LA FACULTAD DE CIENCIAS ECONOMICAS Y ADMINISTRATIVAS 2003 A 2007
VISION DE LA FACULTAD 2003 A 2007
PROGRAMAS DE LA FACULTAD CON MIRAS A SU INSTITUCIONALIZACION
PROYECTOS ESPECIALES CARRERA DE ADMINISTRACION DE EMPRESAS
DOCUMENTO DE CURRICULO
MALLAS CURRICULARES VIGENTES DEL PROGRAMA
DIRECTRIZ SOBRE LA ENSEÑANZA DE LA CONSTITUCION POLITICA",104,PONTIFICIA UNIVERSIDAD JAVERIANA,VICERRECTORIA ACADEMICA,FACULTAD DE CIENCIAS ECONOMICAS Y ADMINISTRATIVAS,CARRERA DE ADMINISTRACION DE EMPRESAS,CARPETA,ARCHIVO HISTORICO,,,CONSERVACION TOTAL,,,PENDIENTE,MAESTDPVRACFACCEAPRECAE2018
,VRAC-FAC-CEA-PRE-CAE,BOG,,ACREDITACION,,ACREDITACION DE PROGRAMAS ACADEMICOS,,INFORME DE AUTOEVALUACION PARA LA ACREDITACION VOLUNTARIA,CERRADO,01/01/2007,ARCHIVO HISTORICO,29,,,01/01/2002,01/01/2007,,,DC,,,RO,16,B,3,6,10,744,,,B16-LB-ES3-EN6-CJ10-CP744,,"REGLAMENTO ORGANICO
REGLAMENTO PROFESORADO
REGLAMENTO DE ESTUDIANTES
REGLAMENTO ADMINISTRATIVO
NORMAS PARA EL USO DE RECURSOS
REGLAMENTO DE EMBLEMAS, SIMBOLOS Y DISTINCIONES
PLANEACION ESTRATEGICA
VISION
PROGRAMAS DE LA FACULTAD DE CIENCIAS ECONOMICASY ADMINISTRATIVAS CON MIRAS A SU INSTITUCIONALIZACION
DOCUMENTO DE PROCESO DE REVISION CURRICULAR",41,PONTIFICIA UNIVERSIDAD JAVERIANA,VICERRECTORIA ACADEMICA,FACULTAD DE CIENCIAS ECONOMICAS Y ADMINISTRATIVAS,CARRERA DE ADMINISTRACION DE EMPRESAS,CARPETA,ARCHIVO HISTORICO,,,CONSERVACION TOTAL,,,PENDIENTE,MAESTDPVRACFACCEAPRECAE2018
,VRAC-FAC-CEA-PRE-CAE,BOG,,ACREDITACION,,ACREDITACION DE PROGRAMAS ACADEMICOS,,INFORME DE AUTOEVALUACION PARA LA ACREDITACION VOLUNTARIA,CERRADO,01/01/2007,ARCHIVO HISTORICO,30,,,01/01/2005,01/01/2007,,,DC,,,RO,16,B,4,3,20,817,,,B16-LB-ES4-EN3-CJ20-CP817,,EXAMEN DE ESTADO DE CALIDAD DE LA EDUCACION SUPERIOR,114,PONTIFICIA UNIVERSIDAD JAVERIANA,VICERRECTORIA ACADEMICA,FACULTAD DE CIENCIAS ECONOMICAS Y ADMINISTRATIVAS,CARRERA DE ADMINISTRACION DE EMPRESAS,CARPETA,ARCHIVO HISTORICO,,,CONSERVACION TOTAL,,,PENDIENTE,MAESTDPVRACFACCEAPRECAE2018
,VRAC-FAC-CEA-PRE-CAE,BOG,,ACREDITACION,,ACREDITACION DE PROGRAMAS ACADEMICOS,,INFORME DE AUTOEVALUACION PARA LA ACREDITACION VOLUNTARIA,CERRADO,01/01/2007,ARCHIVO HISTORICO,31,,,01/01/2007,01/01/2007,,,DC,,,RO,16,B,4,3,21,823,,,B16-LB-ES4-EN3-CJ21-CP823,,"PREUNIVERSITARIOS EN CIENCIAS ECONOMICAS, ADMINISTRATIVAS Y CONTABLES",120,PONTIFICIA UNIVERSIDAD JAVERIANA,VICERRECTORIA ACADEMICA,FACULTAD DE CIENCIAS ECONOMICAS Y ADMINISTRATIVAS,CARRERA DE ADMINISTRACION DE EMPRESAS,CARPETA,ARCHIVO HISTORICO,,,CONSERVACION TOTAL,,,PENDIENTE,MAESTDPVRACFACCEAPRECAE2018
,VRAC-FAC-CEA-PRE-CAE,BOG,,ACREDITACION,,ACREDITACION DE PROGRAMAS ACADEMICOS,,INFORME DE AUTOEVALUACION PARA LA ACREDITACION VOLUNTARIA,CERRADO,01/01/2007,ARCHIVO HISTORICO,32,,,01/01/2004,01/01/2007,,,DC,,,RO,16,B,4,3,21,824,,,B16-LB-ES4-EN3-CJ21-CP824,,EXAMEN DE ESTADO DE CALIDAD DE LA EDUCACION SUPERIOR,121,PONTIFICIA UNIVERSIDAD JAVERIANA,VICERRECTORIA ACADEMICA,FACULTAD DE CIENCIAS ECONOMICAS Y ADMINISTRATIVAS,CARRERA DE ADMINISTRACION DE EMPRESAS,CARPETA,ARCHIVO HISTORICO,,,CONSERVACION TOTAL,,,PENDIENTE,MAESTDPVRACFACCEAPRECAE2018
,VRAC-FAC-CEA-PRE-CAE,BOG,,ACREDITACION,,ACREDITACION DE PROGRAMAS ACADEMICOS,,INFORME DE AUTOEVALUACION PARA LA ACREDITACION VOLUNTARIA,CERRADO,01/05/2007,ARCHIVO HISTORICO,33,,,01/05/2007,01/05/2007,,,DC,,,RO,16,B,4,3,20,819,,,B16-LB-ES4-EN3-CJ20-CP819,,"PROGRAMAS DE ASIGNATURAS DE ENFASIS
NUEVO PLAN DE ESTUDIOS SIU",116,PONTIFICIA UNIVERSIDAD JAVERIANA,VICERRECTORIA ACADEMICA,FACULTAD DE CIENCIAS ECONOMICAS Y ADMINISTRATIVAS,CARRERA DE ADMINISTRACION DE EMPRESAS,CARPETA,ARCHIVO HISTORICO,,,CONSERVACION TOTAL,,,PENDIENTE,MAESTDPVRACFACCEAPRECAE2018
,VRAC-FAC-CEA-PRE-CAE,BOG,,ACREDITACION,,ACREDITACION DE PROGRAMAS ACADEMICOS,,INFORME DE AUTOEVALUACION PARA LA ACREDITACION VOLUNTARIA,CERRADO,11/07/2007,ARCHIVO HISTORICO,34,,,24/04/2006,11/07/2007,,,DC,,,RO,16,B,4,3,20,818,,,B16-LB-ES4-EN3-CJ20-CP818,,DOCUMENTO DEL SISTEMA DE CREDITOS ACADEMICOS JORNADA NOCTURNA,115,PONTIFICIA UNIVERSIDAD JAVERIANA,VICERRECTORIA ACADEMICA,FACULTAD DE CIENCIAS ECONOMICAS Y ADMINISTRATIVAS,CARRERA DE ADMINISTRACION DE EMPRESAS,CARPETA,ARCHIVO HISTORICO,,,CONSERVACION TOTAL,,,PENDIENTE,MAESTDPVRACFACCEAPRECAE2018
,VRAC-FAC-CEA-PRE-CAE,BOG,,ACREDITACION,,ACREDITACION DE PROGRAMAS ACADEMICOS,,INFORME DE AUTOEVALUACION PARA LA ACREDITACION VOLUNTARIA,CERRADO,09/08/2007,ARCHIVO HISTORICO,35,,,05/06/2006,09/08/2007,,,DC,,,RO,16,B,4,2,19,804,,,B16-LB-ES4-EN2-CJ19-CP804,,GRUPOS ESTUDIANTILES,101,PONTIFICIA UNIVERSIDAD JAVERIANA,VICERRECTORIA ACADEMICA,FACULTAD DE CIENCIAS ECONOMICAS Y ADMINISTRATIVAS,CARRERA DE ADMINISTRACION DE EMPRESAS,CARPETA,ARCHIVO HISTORICO,,,CONSERVACION TOTAL,,,PENDIENTE,MAESTDPVRACFACCEAPRECAE2018
,VRAC-FAC-CEA-PRE-CAE,BOG,,ACREDITACION,,ACREDITACION DE PROGRAMAS ACADEMICOS,,INFORME DE AUTOEVALUACION PARA LA ACREDITACION VOLUNTARIA,CERRADO,31/10/2007,ARCHIVO HISTORICO,36,,,19/04/2004,31/10/2007,,,DC,,,RO,16,B,3,6,9,731,,,B16-LB-ES3-EN6-CJ9-CP731,FACULTAD DE CIENCIAS ECONOMICAS Y ADMINISTRATIVAS,"PROYECTOS ESPECIALES
LISTAS
INVITACIONES",28,PONTIFICIA UNIVERSIDAD JAVERIANA,VICERRECTORIA ACADEMICA,FACULTAD DE CIENCIAS ECONOMICAS Y ADMINISTRATIVAS,CARRERA DE ADMINISTRACION DE EMPRESAS,CARPETA,ARCHIVO HISTORICO,,,CONSERVACION TOTAL,,,PENDIENTE,MAESTDPVRACFACCEAPRECAE2018
,VRAC-FAC-CEA-PRE-CAE,BOG,,ACREDITACION,,ACREDITACION DE PROGRAMAS ACADEMICOS,,INFORME DE AUTOEVALUACION PARA LA ACREDITACION VOLUNTARIA,CERRADO,01/04/2008,ARCHIVO HISTORICO,37,,,01/12/2006,01/04/2008,,,DC,,,RO,16,B,4,3,20,813,,,B16-LB-ES4-EN3-CJ20-CP813,,"AGENDA AL INFORME DE AUTOEVALUACION PARA LA ACREDITACION VOLUNTARIA
1/2",110,PONTIFICIA UNIVERSIDAD JAVERIANA,VICERRECTORIA ACADEMICA,FACULTAD DE CIENCIAS ECONOMICAS Y ADMINISTRATIVAS,CARRERA DE ADMINISTRACION DE EMPRESAS,CARPETA,ARCHIVO HISTORICO,,,CONSERVACION TOTAL,,,PENDIENTE,MAESTDPVRACFACCEAPRECAE2018
,VRAC-FAC-CEA-PRE-CAE,BOG,,ACREDITACION,,ACREDITACION DE PROGRAMAS ACADEMICOS,,INFORME DE AUTOEVALUACION PARA LA ACREDITACION VOLUNTARIA,CERRADO,01/04/2008,ARCHIVO HISTORICO,38,,,01/04/2008,01/04/2008,,,DC,,,RO,16,B,4,3,21,822,,,B16-LB-ES4-EN3-CJ21-CP822,,TRABAJOS DE GRADO,119,PONTIFICIA UNIVERSIDAD JAVERIANA,VICERRECTORIA ACADEMICA,FACULTAD DE CIENCIAS ECONOMICAS Y ADMINISTRATIVAS,CARRERA DE ADMINISTRACION DE EMPRESAS,CARPETA,ARCHIVO HISTORICO,,,CONSERVACION TOTAL,,,PENDIENTE,MAESTDPVRACFACCEAPRECAE2018
,VRAC-FAC-CEA-PRE-CAE,BOG,,ACREDITACION,,ACREDITACION DE PROGRAMAS ACADEMICOS,,INFORME DE AUTOEVALUACION PARA LA ACREDITACION VOLUNTARIA,CERRADO,29/04/2008,ARCHIVO HISTORICO,39,,,16/04/2007,29/04/2008,,,DC,,,RO,16,B,3,6,9,732,,,B16-LB-ES3-EN6-CJ9-CP732,FACULTAD DE CIENCIAS ECONOMICAS Y ADMINISTRATIVAS,"PROYECTOS ESPECIALES
SEMANA DEL ADMINISTRADOR
TALLER DE TRANSICION
RECONOCIMIENTO ESTUDIANTES MEJOR PROMEDIO
GUIA PROCESOS DE MATRICULA",29,PONTIFICIA UNIVERSIDAD JAVERIANA,VICERRECTORIA ACADEMICA,FACULTAD DE CIENCIAS ECONOMICAS Y ADMINISTRATIVAS,CARRERA DE ADMINISTRACION DE EMPRESAS,CARPETA,ARCHIVO HISTORICO,,,CONSERVACION TOTAL,,,PENDIENTE,MAESTDPVRACFACCEAPRECAE2018
,VRAC-FAC-CEA-PRE-CAE,BOG,,ACREDITACION,,ACREDITACION DE PROGRAMAS ACADEMICOS,,INFORME DE AUTOEVALUACION PARA LA ACREDITACION VOLUNTARIA,CERRADO,28/04/2009,ARCHIVO HISTORICO,40,,,17/10/2003,28/04/2009,,,DC,,,RO,16,B,4,2,18,800,,,B16-LB-ES4-EN2-CJ18-CP800,,"COMITE ACADEMICO ESTUDIANTIL CEAE
ACTAS
ACTIVIDADES
CONGRESOS
SALIDAS
EXPOJAVERIANA
PROYECTOS ESPECIALES",97,PONTIFICIA UNIVERSIDAD JAVERIANA,VICERRECTORIA ACADEMICA,FACULTAD DE CIENCIAS ECONOMICAS Y ADMINISTRATIVAS,CARRERA DE ADMINISTRACION DE EMPRESAS,CARPETA,ARCHIVO HISTORICO,,,CONSERVACION TOTAL,,,PENDIENTE,MAESTDPVRACFACCEAPRECAE2018
,VRAC-FAC-CEA-PRE-CAE,BOG,,ACREDITACION,,ACREDITACION DE PROGRAMAS ACADEMICOS,,INFORME DE AUTOEVALUACION PARA LA ACREDITACION VOLUNTARIA,CERRADO,13/09/2009,ARCHIVO HISTORICO,41,,,01/04/2009,13/09/2009,,,DC,,,RO,16,B,4,2,18,798,,,B16-LB-ES4-EN2-CJ18-CP798,,"LISTAS DE TRABAJOS DE GRADO DESDE EL 0920
PROCESOS ACADEMICOS",95,PONTIFICIA UNIVERSIDAD JAVERIANA,VICERRECTORIA ACADEMICA,FACULTAD DE CIENCIAS ECONOMICAS Y ADMINISTRATIVAS,CARRERA DE ADMINISTRACION DE EMPRESAS,CARPETA,ARCHIVO HISTORICO,,,CONSERVACION TOTAL,,,PENDIENTE,MAESTDPVRACFACCEAPRECAE2018
,VRAC-FAC-CEA-PRE-CAE,BOG,,ACREDITACION,,ACREDITACION DE PROGRAMAS ACADEMICOS,,INFORME DE AUTOEVALUACION PARA LA ACREDITACION VOLUNTARIA,CERRADO,01/01/2013,ARCHIVO HISTORICO,42,,,01/01/2012,01/01/2013,,,DC,,,RO,16,B,4,3,21,825,,,B16-LB-ES4-EN3-CJ21-CP825,,INFORME DE ACTIVIDADES PERIODOS 1230 Y 1310,122,PONTIFICIA UNIVERSIDAD JAVERIANA,VICERRECTORIA ACADEMICA,FACULTAD DE CIENCIAS ECONOMICAS Y ADMINISTRATIVAS,CARRERA DE ADMINISTRACION DE EMPRESAS,CARPETA,ARCHIVO HISTORICO,,,CONSERVACION TOTAL,,,PENDIENTE,MAESTDPVRACFACCEAPRECAE2018
,VRAC-FAC-CEA-PRE-CAE,BOG,,ACREDITACION,,ACREDITACION DE PROGRAMAS ACADEMICOS,,INFORME DE AUTOEVALUACION PARA LA ACREDITACION VOLUNTARIA,CERRADO,01/01/2014,ARCHIVO HISTORICO,43,,,01/01/2013,01/01/2014,,,DC,,,RO,16,B,4,2,18,796,,,B16-LB-ES4-EN2-CJ18-CP796,,"PROGRAMAS DE ASIGNATURAS
REGLAMENTO DE PROFESORES ACUERDO 328",93,PONTIFICIA UNIVERSIDAD JAVERIANA,VICERRECTORIA ACADEMICA,FACULTAD DE CIENCIAS ECONOMICAS Y ADMINISTRATIVAS,CARRERA DE ADMINISTRACION DE EMPRESAS,CARPETA,ARCHIVO HISTORICO,,,CONSERVACION TOTAL,,,PENDIENTE,MAESTDPVRACFACCEAPRECAE2018
,VRAC-FAC-CEA-PRE-CAE,BOG,,ACREDITACION,,ACREDITACION DE PROGRAMAS ACADEMICOS,,INFORME DE AUTOEVALUACION PARA LA ACREDITACION VOLUNTARIA,CERRADO,01/01/2014,ARCHIVO HISTORICO,44,,,01/01/2014,01/01/2014,,,DC,,,RO,16,B,4,2,18,797,,,B16-LB-ES4-EN2-CJ18-CP797,,PROGRAMAS DE ASIGNATURAS,94,PONTIFICIA UNIVERSIDAD JAVERIANA,VICERRECTORIA ACADEMICA,FACULTAD DE CIENCIAS ECONOMICAS Y ADMINISTRATIVAS,CARRERA DE ADMINISTRACION DE EMPRESAS,CARPETA,ARCHIVO HISTORICO,,,CONSERVACION TOTAL,,,PENDIENTE,MAESTDPVRACFACCEAPRECAE2018
,VRAC-FAC-CEA-PRE-CAE,BOG,,ACREDITACION,,ACREDITACION DE PROGRAMAS ACADEMICOS,,INFORME DE AUTOEVALUACION PARA LA ACREDITACION VOLUNTARIA,CERRADO,21/05/2015,ARCHIVO HISTORICO,45,,,01/01/2015,21/05/2015,,,DC,,,RO,16,B,4,3,20,814,,,B16-LB-ES4-EN3-CJ20-CP814,,"AGENDA AL INFORME DE AUTOEVALUACION PARA LA ACREDITACION VOLUNTARIA
2/2",111,PONTIFICIA UNIVERSIDAD JAVERIANA,VICERRECTORIA ACADEMICA,FACULTAD DE CIENCIAS ECONOMICAS Y ADMINISTRATIVAS,CARRERA DE ADMINISTRACION DE EMPRESAS,CARPETA,ARCHIVO HISTORICO,,,CONSERVACION TOTAL,,,PENDIENTE,MAESTDPVRACFACCEAPRECAE2018
,VRAC-FAC-CEA-PRE-CAE,BOG,,ACREDITACION,,ACREDITACION DE PROGRAMAS ACADEMICOS,,"INFORME DE AUTOEVALUACION PARA LA ACREDITACION VOLUNTARIA
PROCESO DE AUTOEVALUACION",CERRADO,01/01/2003,ARCHIVO HISTORICO,1,,,01/06/2000,01/01/2003,,,DC,,,RO,16,B,4,1,14,773,,,B16-LB-ES4-EN1-CJ14-CP773,,"PLAN ESTRATEGICO 2002 A 2007
INFORMES 2003",70,PONTIFICIA UNIVERSIDAD JAVERIANA,VICERRECTORIA ACADEMICA,FACULTAD DE CIENCIAS ECONOMICAS Y ADMINISTRATIVAS,CARRERA DE ADMINISTRACION DE EMPRESAS,CARPETA,ARCHIVO HISTORICO,,,CONSERVACION TOTAL,,,PENDIENTE,MAESTDPVRACFACCEAPRECAE2018
,VRAC-FAC-CEA-PRE-CAE,BOG,,ACREDITACION,,ACREDITACION DE PROGRAMAS ACADEMICOS,,"INFORME DE AUTOEVALUACION PARA LA ACREDITACION VOLUNTARIA
PROCESO DE AUTOEVALUACION",CERRADO,01/01/2003,ARCHIVO HISTORICO,2,,,01/01/2000,01/01/2003,,,DC,,,RO,16,B,4,1,15,777,,,B16-LB-ES4-EN1-CJ15-CP777,,"INFORME DE LA CARRERA DE ADMINISTRACION DE EMPRESAS PRESENTADO AL CONSEJO ACADEMICO
ENCUESTA DE DESERCION 2000
INFORMES DE PRESUPUESTO 2001 A 2002",74,PONTIFICIA UNIVERSIDAD JAVERIANA,VICERRECTORIA ACADEMICA,FACULTAD DE CIENCIAS ECONOMICAS Y ADMINISTRATIVAS,CARRERA DE ADMINISTRACION DE EMPRESAS,CARPETA,ARCHIVO HISTORICO,,,CONSERVACION TOTAL,,,PENDIENTE,MAESTDPVRACFACCEAPRECAE2018
,VRAC-FAC-CEA-PRE-CAE,BOG,,ACREDITACION,,ACREDITACION DE PROGRAMAS ACADEMICOS,,"INFORME DE AUTOEVALUACION PARA LA ACREDITACION VOLUNTARIA
PROCESO DE AUTOEVALUACION",CERRADO,01/04/2008,ARCHIVO HISTORICO,3,,,01/04/2007,01/04/2008,,,DC,,,RO,16,B,4,1,14,770,,,B16-LB-ES4-EN1-CJ14-CP770,,INFORME DE LA BIBLIOTECA GENERAL,67,PONTIFICIA UNIVERSIDAD JAVERIANA,VICERRECTORIA ACADEMICA,FACULTAD DE CIENCIAS ECONOMICAS Y ADMINISTRATIVAS,CARRERA DE ADMINISTRACION DE EMPRESAS,CARPETA,ARCHIVO HISTORICO,,,CONSERVACION TOTAL,,,PENDIENTE,MAESTDPVRACFACCEAPRECAE2018
,VRAC-FAC-CEA-PRE-CAE,BOG,,ACREDITACION,,ACREDITACION DE PROGRAMAS ACADEMICOS,,"PLANEACION ESTRATEGICA 2005
2/2",CERRADO,01/06/2006,ARCHIVO HISTORICO,1,,,01/01/2005,01/06/2006,,,DC,,,RO,16,B,3,6,8,728,,,B16-LB-ES3-EN6-CJ8-CP728,FACULTAD DE CIENCIAS ECONOMICAS Y ADMINISTRATIVAS,"PLANEACION ESTRATEGICA 2005 E INFORMES DE ACTIVIDADES FACULTAD DE CIENCIAS ECONOMICAS Y ADMINISTRATIVAS 2006
DEPARTAMENTO DE ADMINISTRACION 2005",25,PONTIFICIA UNIVERSIDAD JAVERIANA,VICERRECTORIA ACADEMICA,FACULTAD DE CIENCIAS ECONOMICAS Y ADMINISTRATIVAS,CARRERA DE ADMINISTRACION DE EMPRESAS,CARPETA,ARCHIVO HISTORICO,,,CONSERVACION TOTAL,,,PENDIENTE,MAESTDPVRACFACCEAPRECAE2018
,VRAC-FAC-CEA-PRE-CAE,BOG,,ACREDITACION,,ACREDITACION DE PROGRAMAS ACADEMICOS,,"INFORME DE AUTOEVALUACION PARA LA ACREDITACION VOLUNTARIA
1/3",CERRADO,01/06/2007,ARCHIVO HISTORICO,1,,,01/06/2007,01/06/2007,,,DC,,,RO,16,B,3,6,9,735,,,B16-LB-ES3-EN6-CJ9-CP735,FACULTAD DE CIENCIAS ECONOMICAS Y ADMINISTRATIVAS,EVALUACION DE PROFESORES DIFERENTES DEPARTAMENTOS,32,PONTIFICIA UNIVERSIDAD JAVERIANA,VICERRECTORIA ACADEMICA,FACULTAD DE CIENCIAS ECONOMICAS Y ADMINISTRATIVAS,CARRERA DE ADMINISTRACION DE EMPRESAS,CARPETA,ARCHIVO HISTORICO,,,CONSERVACION TOTAL,,,PENDIENTE,MAESTDPVRACFACCEAPRECAE2018
,VRAC-FAC-CEA-PRE-CAE,BOG,,ACREDITACION,,ACREDITACION DE PROGRAMAS ACADEMICOS,,"INFORME DE AUTOEVALUACION PARA LA ACREDITACION VOLUNTARIA
2/3",CERRADO,01/06/2007,ARCHIVO HISTORICO,1,,,01/06/2007,01/06/2007,,,DC,,,RO,16,B,3,6,9,736,,,B16-LB-ES3-EN6-CJ9-CP736,FACULTAD DE CIENCIAS ECONOMICAS Y ADMINISTRATIVAS,EVALUACION DE PROFESORES DIFERENTES DEPARTAMENTOS,33,PONTIFICIA UNIVERSIDAD JAVERIANA,VICERRECTORIA ACADEMICA,FACULTAD DE CIENCIAS ECONOMICAS Y ADMINISTRATIVAS,CARRERA DE ADMINISTRACION DE EMPRESAS,CARPETA,ARCHIVO HISTORICO,,,CONSERVACION TOTAL,,,PENDIENTE,MAESTDPVRACFACCEAPRECAE2018
,VRAC-FAC-CEA-PRE-CAE,BOG,,ACREDITACION,,ACREDITACION DE PROGRAMAS ACADEMICOS,,"INFORME DE AUTOEVALUACION PARA LA ACREDITACION VOLUNTARIA
3/3",CERRADO,01/06/2007,ARCHIVO HISTORICO,1,,,01/06/2007,01/06/2007,,,DC,,,RO,16,B,3,6,9,737,,,B16-LB-ES3-EN6-CJ9-CP737,FACULTAD DE CIENCIAS ECONOMICAS Y ADMINISTRATIVAS,EVALUACION DE PROFESORES DIFERENTES DEPARTAMENTOS,34,PONTIFICIA UNIVERSIDAD JAVERIANA,VICERRECTORIA ACADEMICA,FACULTAD DE CIENCIAS ECONOMICAS Y ADMINISTRATIVAS,CARRERA DE ADMINISTRACION DE EMPRESAS,CARPETA,ARCHIVO HISTORICO,,,CONSERVACION TOTAL,,,PENDIENTE,MAESTDPVRACFACCEAPRECAE2018
,VRAC-FAC-CEA-PRE-CAE,BOG,,ACREDITACION,,ACREDITACION DE PROGRAMAS ACADEMICOS,,"INFORME DE AUTOEVALUACION PARA LA ACREDITACION VOLUNTARIA
1/5",CERRADO,01/06/2007,ARCHIVO HISTORICO,1,,,01/01/2007,01/06/2007,,,DC,,,RO,16,B,3,6,10,738,,,B16-LB-ES3-EN6-CJ10-CP738,FACULTAD DE CIENCIAS ECONOMICAS Y ADMINISTRATIVAS,PROGRAMAS DE ASIGNATURAS RAI,35,PONTIFICIA UNIVERSIDAD JAVERIANA,VICERRECTORIA ACADEMICA,FACULTAD DE CIENCIAS ECONOMICAS Y ADMINISTRATIVAS,CARRERA DE ADMINISTRACION DE EMPRESAS,CARPETA,ARCHIVO HISTORICO,,,CONSERVACION TOTAL,,,PENDIENTE,MAESTDPVRACFACCEAPRECAE2018
,VRAC-FAC-CEA-PRE-CAE,BOG,,ACREDITACION,,ACREDITACION DE PROGRAMAS ACADEMICOS,,"INFORME DE AUTOEVALUACION PARA LA ACREDITACION VOLUNTARIA
2/5",CERRADO,01/06/2007,ARCHIVO HISTORICO,1,,,01/01/2007,01/06/2007,,,DC,,,RO,16,B,3,6,10,739,,,B16-LB-ES3-EN6-CJ10-CP739,FACULTAD DE CIENCIAS ECONOMICAS Y ADMINISTRATIVAS,PROGRAMAS DE ASIGNATURAS RAI,36,PONTIFICIA UNIVERSIDAD JAVERIANA,VICERRECTORIA ACADEMICA,FACULTAD DE CIENCIAS ECONOMICAS Y ADMINISTRATIVAS,CARRERA DE ADMINISTRACION DE EMPRESAS,CARPETA,ARCHIVO HISTORICO,,,CONSERVACION TOTAL,,,PENDIENTE,MAESTDPVRACFACCEAPRECAE2018
,VRAC-FAC-CEA-PRE-CAE,BOG,,ACREDITACION,,ACREDITACION DE PROGRAMAS ACADEMICOS,,"INFORME DE AUTOEVALUACION PARA LA ACREDITACION VOLUNTARIA
4/5",CERRADO,01/06/2007,ARCHIVO HISTORICO,1,,,01/01/2007,01/06/2007,,,DC,,,RO,16,B,3,6,10,741,,,B16-LB-ES3-EN6-CJ10-CP741,,PROGRAMAS DE ASIGNATURAS SIU,38,PONTIFICIA UNIVERSIDAD JAVERIANA,VICERRECTORIA ACADEMICA,FACULTAD DE CIENCIAS ECONOMICAS Y ADMINISTRATIVAS,CARRERA DE ADMINISTRACION DE EMPRESAS,CARPETA,ARCHIVO HISTORICO,,,CONSERVACION TOTAL,,,PENDIENTE,MAESTDPVRACFACCEAPRECAE2018
,VRAC-FAC-CEA-PRE-CAE,BOG,,ACREDITACION,,ACREDITACION DE PROGRAMAS ACADEMICOS,,"INFORME DE AUTOEVALUACION PARA LA ACREDITACION VOLUNTARIA
5/5",CERRADO,01/06/2007,ARCHIVO HISTORICO,1,,,01/11/2005,01/06/2007,,,DC,,,RO,16,B,3,6,10,742,,,B16-LB-ES3-EN6-CJ10-CP742,,PROGRAMAS DE ASIGNATURAS SIU,39,PONTIFICIA UNIVERSIDAD JAVERIANA,VICERRECTORIA ACADEMICA,FACULTAD DE CIENCIAS ECONOMICAS Y ADMINISTRATIVAS,CARRERA DE ADMINISTRACION DE EMPRESAS,CARPETA,ARCHIVO HISTORICO,,,CONSERVACION TOTAL,,,PENDIENTE,MAESTDPVRACFACCEAPRECAE2018
,VRAC-FAC-CEA-PRE-CAE,BOG,,ACREDITACION,,ACREDITACION DE PROGRAMAS ACADEMICOS,,PLAN ESTRATEGICO DE LA CARRERA DE 2005 A 2007,CERRADO,01/08/2005,ARCHIVO HISTORICO,1,,,15/06/2005,01/08/2005,,,DC,,,RO,16,B,3,5,6,712,,,B16-LB-ES3-EN5-CJ6-CP712,FACULTAD DE CIENCIAS ECONOMICAS Y ADMINISTRATIVAS,"PLANEACION DE ACTIVIDADES DE 2005 A 2007
ANEXO 1 TRABAJOS DE GRADO
ANEXO 2 DOCUMENTOS DE CONSEJERIAS ACADEMICAS
ANEXO 3 EVALUACION A PROFESORES Y MONITORES CREADAS DESDE LA CARRERA
ANEXO 4 DOCUMENTOS DE ECAES
ANEXO 5 PLANEACION COMITE ACADEMICO ESTUDIANTIL CEAE
ANEXO 6 INVESTIGACION SOBRE LA REALIDAD ESTUDIANTIL
ANEXO 7 MANUAL FERIA EMPRESARIAL
ANEXO 8 REGLAMENTO ESTIMULOS ESTUDIANTES",9,PONTIFICIA UNIVERSIDAD JAVERIANA,VICERRECTORIA ACADEMICA,FACULTAD DE CIENCIAS ECONOMICAS Y ADMINISTRATIVAS,CARRERA DE ADMINISTRACION DE EMPRESAS,CARPETA,ARCHIVO HISTORICO,,,CONSERVACION TOTAL,,,PENDIENTE,MAESTDPVRACFACCEAPRECAE2018
,VRAC-FAC-CEA-PRE-CAE,BOG,,ACREDITACION,,ACREDITACION DE PROGRAMAS ACADEMICOS,,"PLANEACION ESTRATEGICA 2005
1/2",CERRADO,01/08/2005,ARCHIVO HISTORICO,1,,,01/08/2005,01/08/2005,,,DC,,,RO,16,B,3,6,8,727,,,B16-LB-ES3-EN6-CJ8-CP727,FACULTAD DE CIENCIAS ECONOMICAS Y ADMINISTRATIVAS,INFORME DE PLANEACION ESTRATEGICA POSGRADOS EN ADMINISTRACION Y CARRERA DE ADMINISTRACION 2005 A 2007,24,PONTIFICIA UNIVERSIDAD JAVERIANA,VICERRECTORIA ACADEMICA,FACULTAD DE CIENCIAS ECONOMICAS Y ADMINISTRATIVAS,CARRERA DE ADMINISTRACION DE EMPRESAS,CARPETA,ARCHIVO HISTORICO,,,CONSERVACION TOTAL,,,PENDIENTE,MAESTDPVRACFACCEAPRECAE2018
,VRAC-FAC-CEA-PRE-CAE,BOG,,ACREDITACION,,ACREDITACION DE PROGRAMAS ACADEMICOS,,SEMINARIO DE REFLEXION INSTITUCIONAL,CERRADO,01/09/2003,ARCHIVO HISTORICO,1,,,01/08/2002,01/09/2003,,,DC,,,RO,16,B,3,7,11,753,,,B16-LB-ES3-EN7-CJ11-CP753,,SIMBOLOS Y EMBLEMAS DE LA UNIVERSIDAD,50,PONTIFICIA UNIVERSIDAD JAVERIANA,VICERRECTORIA ACADEMICA,FACULTAD DE CIENCIAS ECONOMICAS Y ADMINISTRATIVAS,CARRERA DE ADMINISTRACION DE EMPRESAS,CARPETA,ARCHIVO HISTORICO,,,CONSERVACION TOTAL,,,PENDIENTE,MAESTDPVRACFACCEAPRECAE2018
,VRAC-FAC-CEA-PRE-CAE,BOG,,ACREDITACION,,ACREDITACION DE PROGRAMAS ACADEMICOS,,INFORME DE AUTOEVALUACION PARA LA RENOVACION DE LA ACREDITACION DEL PROGRAMA DE ADMINISTRACION DE EMPRESAS,CERRADO,01/10/2003,ARCHIVO HISTORICO,1,,,01/10/2003,01/10/2003,,,DC,,,RO,16,B,4,2,17,793,,,B16-LB-ES4-EN2-CJ17-CP793,,"PROYECTO INSTITUCIONAL
ESTATUTOS",90,PONTIFICIA UNIVERSIDAD JAVERIANA,VICERRECTORIA ACADEMICA,FACULTAD DE CIENCIAS ECONOMICAS Y ADMINISTRATIVAS,CARRERA DE ADMINISTRACION DE EMPRESAS,CARPETA,ARCHIVO HISTORICO,,,CONSERVACION TOTAL,,,PENDIENTE,MAESTDPVRACFACCEAPRECAE2018
,VRAC-FAC-CEA-PRE-CAE,BOG,,ACREDITACION,,ACREDITACION DE PROGRAMAS ACADEMICOS,,"INFORME DE AUTOEVALUACION PARA LA ACREDITACION VOLUNTARIA
PROCESO DE AUTOEVALUACION",CERRADO,09/06/2003,ARCHIVO HISTORICO,4,,,31/07/2002,09/06/2003,,,DC,,,RO,16,B,4,1,14,771,,,B16-LB-ES4-EN1-CJ14-CP771,,AUTOEVALUACION FASE 1,68,PONTIFICIA UNIVERSIDAD JAVERIANA,VICERRECTORIA ACADEMICA,FACULTAD DE CIENCIAS ECONOMICAS Y ADMINISTRATIVAS,CARRERA DE ADMINISTRACION DE EMPRESAS,CARPETA,ARCHIVO HISTORICO,,,CONSERVACION TOTAL,,,PENDIENTE,MAESTDPVRACFACCEAPRECAE2018
,VRAC-FAC-CEA-PRE-CAE,BOG,,ACREDITACION,,ACREDITACION DE PROGRAMAS ACADEMICOS,,REGISTRO CALIFICADO,CERRADO,09/07/2014,ARCHIVO HISTORICO,1,,,01/01/2013,09/07/2014,,,DC,,,RO,16,B,3,5,7,713,,,B16-LB-ES3-EN5-CJ7-CP713,FACULTAD DE CIENCIAS ECONOMICAS Y ADMINISTRATIVAS,"RESOLUCION
SOLICITUD",10,PONTIFICIA UNIVERSIDAD JAVERIANA,VICERRECTORIA ACADEMICA,FACULTAD DE CIENCIAS ECONOMICAS Y ADMINISTRATIVAS,CARRERA DE ADMINISTRACION DE EMPRESAS,CARPETA,ARCHIVO HISTORICO,,,CONSERVACION TOTAL,,,PENDIENTE,MAESTDPVRACFACCEAPRECAE2018
,VRAC-FAC-CEA-PRE-CAE,BOG,,ACREDITACION,,ACREDITACION DE PROGRAMAS ACADEMICOS,,"INFORME DE AUTOEVALUACION PARA LA ACREDITACION VOLUNTARIA
PROCESO DE AUTOEVALUACION",CERRADO,10/09/2004,ARCHIVO HISTORICO,5,,,10/10/2003,10/09/2004,,,DC,,,RO,16,B,4,1,14,772,,,B16-LB-ES4-EN1-CJ14-CP772,,AUTOEVALUACION PROFESORES,69,PONTIFICIA UNIVERSIDAD JAVERIANA,VICERRECTORIA ACADEMICA,FACULTAD DE CIENCIAS ECONOMICAS Y ADMINISTRATIVAS,CARRERA DE ADMINISTRACION DE EMPRESAS,CARPETA,ARCHIVO HISTORICO,,,CONSERVACION TOTAL,,,PENDIENTE,MAESTDPVRACFACCEAPRECAE2018
,VRAC-FAC-CEA-PRE-CAE,BOG,,ACREDITACION,,ACREDITACION DE PROGRAMAS ACADEMICOS,,"INFORME DE AUTOEVALUACION PARA LA ACREDITACION VOLUNTARIA
3/5",CERRADO,13/07/2007,ARCHIVO HISTORICO,1,,,01/01/2007,13/07/2007,,,DC,,,RO,16,B,3,6,10,740,,,B16-LB-ES3-EN6-CJ10-CP740,FACULTAD DE CIENCIAS ECONOMICAS Y ADMINISTRATIVAS,PROGRAMAS DE ASIGNATURAS ELECTIVAS RAI,37,PONTIFICIA UNIVERSIDAD JAVERIANA,VICERRECTORIA ACADEMICA,FACULTAD DE CIENCIAS ECONOMICAS Y ADMINISTRATIVAS,CARRERA DE ADMINISTRACION DE EMPRESAS,CARPETA,ARCHIVO HISTORICO,,,CONSERVACION TOTAL,,,PENDIENTE,MAESTDPVRACFACCEAPRECAE2018
,VRAC-FAC-CEA-PRE-CAE,BOG,,ACREDITACION,,ACREDITACION DE PROGRAMAS ACADEMICOS,,RESOLUCION,CERRADO,15/05/2015,ARCHIVO HISTORICO,1,,,01/11/2013,15/05/2015,,,DC,,,RO,16,B,3,5,7,714,,,B16-LB-ES3-EN5-CJ7-CP714,FACULTAD DE CIENCIAS ECONOMICAS Y ADMINISTRATIVAS,"EVALUACION EXTERNA
INFORME DE AUTOEVALUACION",11,PONTIFICIA UNIVERSIDAD JAVERIANA,VICERRECTORIA ACADEMICA,FACULTAD DE CIENCIAS ECONOMICAS Y ADMINISTRATIVAS,CARRERA DE ADMINISTRACION DE EMPRESAS,CARPETA,ARCHIVO HISTORICO,,,CONSERVACION TOTAL,,,PENDIENTE,MAESTDPVRACFACCEAPRECAE2018
,VRAC-FAC-CEA-PRE-CAE,BOG,,ACREDITACION,,ACREDITACION DE PROGRAMAS ACADEMICOS,,"MUESTRAS DE GUIAS Y MANUALES PARA LA ORIENTACION DE LAS ACTIVIDADES DOCENTES
2/2",CERRADO,16/04/2008,ARCHIVO HISTORICO,1,,,05/03/2008,16/04/2008,,,DC,,,RO,16,B,3,6,9,730,,,B16-LB-ES3-EN6-CJ9-CP730,FACULTAD DE CIENCIAS ECONOMICAS Y ADMINISTRATIVAS,"MUESTRAS DE GUIAS DE TALLERES
PRUEBAS Y EXAMENES",27,PONTIFICIA UNIVERSIDAD JAVERIANA,VICERRECTORIA ACADEMICA,FACULTAD DE CIENCIAS ECONOMICAS Y ADMINISTRATIVAS,CARRERA DE ADMINISTRACION DE EMPRESAS,CARPETA,ARCHIVO HISTORICO,,,CONSERVACION TOTAL,,,PENDIENTE,MAESTDPVRACFACCEAPRECAE2018
,VRAC-FAC-CEA-PRE-CAE,BOG,,ACREDITACION,,ACREDITACION DE PROGRAMAS ACADEMICOS,,"MUESTRAS DE GUIAS Y MANUALES PARA LA ORIENTACION DE LAS ACTIVIDADES DOCENTES
1/2",CERRADO,18/05/2007,ARCHIVO HISTORICO,1,,,19/10/2005,18/05/2007,,,DC,,,RO,16,B,3,6,9,729,,,B16-LB-ES3-EN6-CJ9-CP729,FACULTAD DE CIENCIAS ECONOMICAS Y ADMINISTRATIVAS,"MUESTRAS DE GUIAS DE TALLERES
PRUEBAS Y EXAMENES",26,PONTIFICIA UNIVERSIDAD JAVERIANA,VICERRECTORIA ACADEMICA,FACULTAD DE CIENCIAS ECONOMICAS Y ADMINISTRATIVAS,CARRERA DE ADMINISTRACION DE EMPRESAS,CARPETA,ARCHIVO HISTORICO,,,CONSERVACION TOTAL,,,PENDIENTE,MAESTDPVRACFACCEAPRECAE2018
,VRAC-FAC-CEA-PRE-CAE,BOG,,ACREDITACION,,ACREDITACION DE PROGRAMAS ACADEMICOS,,SELECCION DE PROFESORES DE PLANTA 2007,CERRADO,27/02/2007,ARCHIVO HISTORICO,1,,,01/08/2006,27/02/2007,,,DC,,,RO,16,B,3,6,8,720,,,B16-LB-ES3-EN6-CJ8-CP720,FACULTAD DE CIENCIAS ECONOMICAS Y ADMINISTRATIVAS,"NOMBRAMIENTOS
ACTAS DE ELEGIBILIDAD DE LOS CANDIDATOS
FORMATOS DE EVALUACIÓN Y SELECCION DE PROFESORES DE PLANTA
ACTAS DE ESTABLECIMIENTO DE REQUISITOS Y CONVOCATORIAS",17,PONTIFICIA UNIVERSIDAD JAVERIANA,VICERRECTORIA ACADEMICA,FACULTAD DE CIENCIAS ECONOMICAS Y ADMINISTRATIVAS,CARRERA DE ADMINISTRACION DE EMPRESAS,CARPETA,ARCHIVO HISTORICO,,,CONSERVACION TOTAL,,,PENDIENTE,MAESTDPVRACFACCEAPRECAE2018
